1,Time,ln(count_rate),ln(count_rate),Time,ln(count_rate),ln(count_rate),Time,ln(count_rate),ln(count_rate),Time,ln(count_rate),ln(count_rate)
2,h,,,h,,,h,,,h
3,,1-747 kev,1-633/634 kev,,2-747 kev,2-633/634 kev,,3-747 kev,3-633/634 kev,,4-747 kev,4-633/634 kev
4,54.6,8.83141,8.66608,55.7,8.84359,8.65098,56.2,8.86022,8.75171,56,8.88157,8.72049
5,90.8,8.57316,8.44659,91,8.58467,8.49665,91.3,8.60363,8.55152,91.7,8.63181,8.47175
6,114.3,8.43895,8.29986,114.5,8.43266,8.32132,114.8,8.4637,8.42751,115,8.52418,8.36646
7,138.2,8.27506,8.16134,138.5,8.29792,8.11979,138.7,8.31076,8.29847,138.9,8.3586,8.15262
8,162.2,8.09565,8.01203,162.5,8.14098,8.05361,162.9,8.12892,8.15396,162.7,8.17951,8.01853
9,186.2,7.96493,7.85396,186.5,8.01595,7.86701,186.7,8.03401,7.90449,186.9,8.06466,7.9274
10,210.4,7.83433,7.61209,210.8,7.83142,7.64224,211.2,7.84081,7.80141,211.6,7.89211,7.80682
11,234.7,7.67252,7.5324,235.2,7.67613,7.50428,235.7,7.66441,7.6506,236.1,7.70303,7.59788
12,258.9,7.51231,7.39512,259.6,7.51147,7.40783,260.1,7.51168,7.46519,260.7,7.55785,7.38563
13,283,7.35024,7.20971,283.6,7.38143,7.16012,284.3,7.32384,7.3227,284.9,7.42236,7.24852
14,307.1,7.1853,7.05707,307.6,7.21187,7.08723,308.1,7.20032,7.12757,308.7,7.24639,7.06866
15,332.6,7.01605,6.83671,332.1,7.03508,6.95059,331.8,7.0438,6.99263,331.3,7.13216,6.98338
16,354.6,6.87639,6.73101,355.1,6.91382,6.7615,355.6,6.90864,6.84302,356.2,6.95417,6.84583
17,309.5,7.16446,7.06006,309.3,7.19623,7.10618,453.3,6.29208,6.24295,452.1,6.31356,6.21115
18,330.5,7.04412,6.87435,330.3,7.08094,6.93628,477.5,6.12108,6.07243,476.6,6.19633,6.03995
19,356.8,6.86917,6.69039,356.7,6.88361,6.75685,501.6,5.94453,5.91407,500.4,6.02987,5.94099
20,378.2,6.71675,6.56836,378.4,6.78241,6.68736,309.2,7.21278,7.14342,309,7.2363,7.10219
21,402.3,6.54157,6.40913,402.5,6.63177,6.49077,330.6,7.04541,7.0188,330.7,7.12879,6.98966
22,426.3,6.41166,6.24975,426.5,6.4478,6.36309,356.5,6.89458,6.80101,356.4,6.96763,6.80602
23,450.3,6.2592,6.11005,450.6,6.2993,6.18025,378.6,6.74382,6.69126,378.8,6.79547,6.66155
24,474.9,6.09135,5.94138,475.2,6.15064,6.00228,426.7,6.44384,6.36828,402.8,6.64104,6.4754
25,498.3,5.95799,5.79568,498.7,5.97471,5.84477,426.5,6.42468,6.38254,426.9,6.49344,6.33932
26,522.4,5.78257,5.64244,522.8,5.81958,5.70912,450.8,6.2946,6.2119,451,6.33795,6.18377
27,546.4,5.6176,5.46705,546.9,5.67667,5.55621,475.4,6.14091,6.0223,475.7,6.19198,6.03063
28,571.3,5.45299,5.34876,571.9,5.48991,5.37684,499,5.99007,5.94757,499.3,6.06435,5.86174
29,594.6,5.31488,5.12792,595.2,5.3603,5.25704,523.1,5.81086,5.72661,523.5,5.85037,5.69663
30,620.9,5.15203,5.0039,619.8,5.20223,5.09576,547.3,5.66493,5.57218,547.8,5.72758,5.56796
31,647.5,4.94652,4.85951,647,5.00013,4.95926,572.4,5.48431,5.41274,572.8,5.54625,5.39629
32,669.5,4.79921,4.71777,668.6,4.84674,4.77628,595.7,5.35139,5.25559,596.2,5.39217,5.24981
33,690.8,4.57959,4.55094,691.3,4.6778,4.6216,620.4,5.18053,5.09878,621.6,5.25218,5.07202
34,716.7,4.53826,4.35456,716.2,4.57912,4.53668,646.6,4.99713,4.94847,646.3,5.03013,4.96053
35,598.3,5.28537,5.13643,598.4,5.33395,5.23926,668.1,4.83514,4.81558,667.5,4.90703,4.82223
36,619.2,5.16056,5.01935,619.3,5.20734,5.10121,691.9,4.67369,4.6392,692.5,4.78791,4.65399
37,645.2,4.95649,4.85538,645.4,4.99858,4.94266,715.7,4.56371,4.56408,715.2,4.58482,4.47292
38,666.6,4.78681,4.69703,666.8,4.83437,4.83421,598.4,5.33768,5.26252,598.5,5.36888,5.24961
39,693.3,4.63927,4.54821,693.1,4.7092,4.63357,619,5.18993,5.12078,619.1,5.27047,5.10595
40,714.2,4.502,4.35818,714.3,4.58288,4.49571,645.6,4.99696,4.94804,645.7,5.06382,4.93615
41,740.4,4.30341,4.23526,740.6,4.36377,4.34901,666.4,4.83865,4.81838,666.9,4.89228,4.81308
42,762.5,4.15259,4.07171,762.7,4.1669,4.20634,692.9,4.6766,4.66271,692.7,4.75183,4.63218
43,786.4,3.98702,3.92156,786.5,4.00946,4.05395,714.5,4.56176,4.50927,714.6,4.60696,4.49451
44,811,3.85772,3.80629,811.2,3.90925,3.90508,740.8,4.35742,4.33958,741,4.40266,4.33675
45,834.2,3.75705,3.61327,834.3,3.79693,3.69277,762.9,4.13377,4.21808,763,4.19524,4.17728
46,858.4,3.60148,3.44865,858.5,3.63469,3.5619,786.7,4.04139,4.01884,786.8,4.09086,4.03927
47,884.2,3.36338,3.31176,884.4,3.44254,3.36691,811.4,3.88847,3.87438,811.6,3.98801,3.87751
48,910.3,3.20265,3.12656,910.6,3.31343,3.25706,834.5,3.77876,3.75936,834.7,3.83221,3.69603
49,930.5,3.0542,3.02063,930.8,3.18118,3.12184,858.7,3.61607,3.56133,858.9,3.67564,3.55475
50,954.6,2.96077,2.85887,954.9,2.98453,2.97281,884.6,3.44168,3.4254,884.7,3.47079,3.39009
51,980.4,2.78347,2.65989,980.1,2.85146,2.77331,910.9,3.24968,3.24444,911.2,3.32816,3.2305
52,1002.7,2.61033,2.53968,1003.1,2.66202,2.65457,931.1,3.14765,3.08601,931.4,3.21702,3.12845
53,1029,2.50341,2.40302,1028.6,2.52092,2.47542,955.2,2.97136,2.91962,955.4,3.03949,2.97704
54,955.9,2.91263,2.88555,955.8,2.98238,2.95245,979.7,2.84043,2.76521,979.4,2.87658,2.78901
55,978.5,2.81453,2.66957,978.6,2.83315,2.81882,1003.7,2.64496,2.62355,1004.1,2.72748,2.65106
56,1004.6,2.64418,2.54622,1004.5,2.68949,2.65619,1028.3,2.53675,2.48288,1027.8,2.52906,2.44255
57,1026.9,2.48664,2.36012,1027.1,2.51392,2.44864,955.7,2.98539,2.9458,955.6,3.0253,2.95482
58,1051.2,2.31221,2.24979,1051.4,2.36933,2.35245,978.8,2.83234,2.77223,979,2.86238,2.79675
59,1078.5,2.19788,2.0702,1078.7,2.16252,2.16498,1004.3,2.65446,2.59529,1004.2,2.72714,2.61151
60,1100,2.02697,1.91838,1100.6,2.00795,2.05705,1027.3,2.52131,2.47794,1027.5,2.5578,2.49659
61,1123.8,1.84737,1.80302,1124.1,1.86938,1.83794,1051.6,2.39879,2.31142,1051.7,2.43861,2.31036
62,1149.3,1.62175,1.55616,1149,1.7181,1.69313,1079,2.22121,2.14385,1079.2,2.19759,2.14868
63,1171.9,1.52647,1.46551,1172.3,1.54726,1.52523,1100.9,2.03642,2.01404,1101.4,2.06764,2.00401
64,1197.7,1.33261,1.303,1197.3,1.37262,1.46431,1124.4,1.88566,1.84292,1124.9,1.89748,1.84334
65,1126.1,1.79806,1.74409,1125.9,1.85996,1.87395,1148.7,1.71317,1.69937,1148.4,1.75946,1.72129
66,1147.1,1.69662,1.59963,1147.3,1.7395,1.67601,1172.7,1.56844,1.54341,1173.1,1.62103,1.54233
67,1174,1.49083,1.44758,1173.7,1.49869,1.56766,1196.8,1.41249,1.42245,1196.5,1.40447,1.4619
68,1195.3,1.34268,1.33639,1195.6,1.4092,1.40298,1125.7,1.91479,1.86971,1125.5,1.91117,1.87625
69,1220.3,1.15424,1.12888,1220.5,1.25698,1.23707,1147.7,1.75941,1.68766,1148,1.75722,1.72105
70,1244.4,1.01411,0.96424,1244.7,1.08346,0.99632,1173.5,1.55945,1.52013,1173.3,1.56436,1.54643
71,1268.2,0.83655,0.75903,1268.5,0.89147,0.84578,1195.8,1.34612,1.43067,1196.1,1.44969,1.42513
72,1292.4,0.71633,0.61069,1293.2,0.74151,0.6791,1220.8,1.26703,1.25465,1221.1,1.26201,1.25219
73,1316.5,0.48131,0.46493,1316.2,0.5611,0.54058,1245,1.12756,1.0284,1245.3,1.08363,1.11671
74,1340.7,0.25239,0.41442,1341.4,0.33761,0.52082,1268.9,0.93102,0.78814,1269.2,0.92497,0.86928
75,1364.9,0.06373,0.25154,1365.3,0.19934,0.35963,1293.5,0.76393,0.68183,1293.8,0.78718,0.6795
76,1389.9,-0.09222,0.12822,1390.4,0.02489,0.10688,1316.7,0.64516,0.63932,1317.2,0.55939,0.665
77,1418.8,-0.31143,-0.13662,1419.4,-0.2361,-0.07548,1341.8,0.39851,0.47468,1342.8,0.40065,0.47586
78,1431.4,-0.43665,-0.1514,1432,-0.33017,-0.14653,1365.8,0.15854,0.2727,1366.2,0.22202,0.32491
79,,,,1468.2,-0.58717,-0.33087,1390.8,-0.03542,0.17126,1391.3,0.02898,0.13103
80,,,,1487.1,-0.82462,-0.40003,1420.4,-0.22189,-0.02933,1421.4,-0.20555,-0.04406
81,,,,1516.7,-1.07119,-0.69535,1432.6,-0.27694,-0.08197,1433.2,-0.26723,-0.07526
82,,,,1527.6,-1.09751,-1.07032,1468.8,-0.60789,-0.28316,1469.6,-0.58771,-0.2408
83,,,,1566.8,-1.80972,-1.30085,1487.6,-0.83402,-0.57625,1488.1,-0.85755,-0.5487
84,,,,,,,1517.3,-1.11383,-0.61545,1518.4,-1.02834,-0.66262
85,,,,,,,1528.4,-1.18974,-1.01115,1529.2,-1.15709,-0.97896
