1,10.18,1,10.18_1_with Pb...,54.6,12.8284,3.9068
2,10.20,1,10.20_1_with Pb...,90.8,9.9087,3.1369
3,10.21,1,10.21_1_with Pb...,114.3,8.6642,2.7088
4,10.22,1,10.22_1_with Pb...,138.2,7.3545,2.3584
5,10.23,1,10.23_1_with Pb...,162.2,6.1466,2.0313
6,10.24,1,10.24_1_with Pb...,186.2,5.3934,1.7343
7,10.25,1,10.25_1_with Pb...,210.4,4.7331,1.3617
8,10.26,1,10.26_1_with Pb...,234.7,4.026,1.2574
9,10.27,1,10.27_1_with Pb...,258.9,3.43,1.0961
10,10.28,1,10.28_1_with Pb...,283,2.9168,0.9106
11,10.29,1,10.29_1_with Pb...,307.1,2.4733,0.7817,1
12,10.30,1,10.30_1_with Pb...,332.6,2.0882,0.6271,1
13,10.31,1,10.31_1_with Pb...,354.6,1.816,0.5642,1
14,10.29,1,10.29_1_with Cu...,309.5,18.9639,13.5973,2
15,10.30,1,10.30_1_with Cu...,330.5,16.8138,11.2928,2
16,10.31,1,10.31_1_with Cu...,356.8,14.1151,9.3952,2
17,11.01,1,11.01_1_with Cu...,378.2,12.1197,8.3159
18,11.02,1,11.02_1_with Cu...,402.3,10.1721,7.0918
19,11.03,1,11.03_1_with Cu...,426.3,8.9329,6.047
20,11.04,1,11.04_1_with Cu...,450.3,7.6697,5.2586
21,11.05,1,11.05_1_with Cu...,474.9,6.4846,4.4424
22,11.06,1,11.06_1_with Cu...,498.3,5.675,3.8401
23,11.07,1,11.07_1_with Cu...,522.4,4.7619,3.2945
24,11.08,1,11.08_1_with Cu...,546.4,4.0377,2.7645
25,11.09,1,11.09_1_with Cu...,571.3,3.4249,2.4561
26,11.10,1,11.10_1_with Cu...,594.6,2.9831,1.9694,1
27,11.11,1,11.11_1_with Cu...,620.9,2.5348,1.7397,1
28,11.12,1,11.12_1_with Cu...,647.5,2.0639,1.5058,1
29,11.13,1,11.13_1_with Cu...,669.5,1.7812,1.3068,1
30,11.14,1,11.14_1_with Cu...,690.8,1.43,1.106,1
31,11.15,1,11.15_1_with Cu...,716.7,1.3721,0.9088,1
32,11.10,1,11.10_1_with 12...,598.3,30.126,26.1182,2
33,11.11,1,11.11_1_with 12...,619.2,26.5912,23.2325,2
34,11.12,1,11.12_1_with 12...,645.2,21.6825,19.7189,2
35,11.13,1,11.13_1_with 12...,666.6,18.2986,16.8311,2
36,11.14,1,11.14_1_with 12...,693.3,15.7886,14.5038,2
37,11.15,1,11.15_1_with 12...,714.2,13.7634,11.9937,2
38,11.16,1,11.16_1_with 12...,740.4,11.2845,10.6064
39,11.17,1,11.17_1_with 12...,762.5,9.7047,9.0062
40,11.18,1,11.18_1_with 12...,786.4,8.2238,7.7505
41,11.19,1,11.19_1_with 12...,811,7.2264,6.9067
42,11.20,1,11.20_1_with 12...,834.2,6.5343,5.6943
43,11.21,1,11.21_1_with 12...,858.4,5.5929,4.83
44,11.22,1,11.22_1_with 12...,884.2,4.4079,4.2121
45,11.23,1,11.23_1_with 12...,910.3,3.7534,3.5
46,11.24,1,11.24_1_with 12...,930.5,3.2356,3.1482
47,11.25,1,11.25_1_with 12...,954.6,2.947,2.678,1
48,11.26,1,11.26_1_with 12...,980.4,2.4682,2.1948,1
49,11.27,1,11.27_1_with 12...,1002.7,2.0758,1.9462,1
50,11.28,1,11.28_1_with 12...,1029,1.8653,1.6976,1
51,11.25,1,11.25_1_with 0....,955.9,8.1929,8.2229,2
52,11.26,1,11.26_1_with 0....,978.5,7.4274,6.6256,2
53,11.27,1,11.27_1_with 0....,1004.6,6.264,5.8567,2
54,11.28,1,11.28_1_with 0....,1026.9,5.351,4.8622,2
55,11.29,1,11.29_1_with 0....,1051.2,4.4945,4.3543
56,11.30,1,11.30_1_with 0....,1078.5,4.0089,3.6385
57,12.01,1,12.01_1_with 0....,1100,3.3791,3.126
58,12.02,1,12.02_1_with 0....,1123.8,2.8236,2.7854,2
59,12.03,1,12.03_1_with 0....,1149.3,2.2533,2.1761,2
60,12.04,1,12.04_1_with 0....,1171.9,2.0485,1.9875,2
61,12.05,1,12.05_1_with 0....,1197.7,1.6875,1.6894,2
62,12.02,1,12.02_1_with 0_...,1126.1,6.0379,5.7207,1
63,12.03,1,12.03_1_with 0_...,1147.1,5.4555,4.9512,1
64,12.04,1,12.04_1_with 0_...,1174,4.4408,4.2528,1
65,12.05,1,12.05_1_with 0_...,1195.3,3.8293,3.8053,1
66,12.06,1,12.06_1_with 0_...,1220.3,3.1716,3.0922
67,12.07,1,12.07_1_with 0_...,1244.4,2.7569,2.6228
68,12.08,1,12.08_1_with 0_...,1268.2,2.3084,2.1362
69,12.09,1,12.09_1_with 0_...,1292.4,2.0469,1.8417
70,12.10,1,12.10_1_with 0_...,1315.9,1.6068,1.7117
71,12.10,1,12.10_1_with 1_...,1316.5,1.6182,1.5919
72,12.11,1,12.11_1_with 1_...,1340.7,1.2871,1.5135
73,12.12,1,12.12_1_with 1_...,1364.9,1.0658,1.286
74,12.13,1,12.13_1_with 1_...,1389.9,0.9119,1.1368
75,12.14,1,12.14_1_with 1_...,1418.8,0.7324,0.8723
76,12.15,1,12.15_1_with 1_...,1431.4,0.6462,0.8595
77,12.16,1,12.16_1_with 1_...,1467.6,0.4767,0.6965
78,12.17,1,12.17_1_with 1_...,1486.5,0.453,0.552
79,12.18,1,12.18_1_with 1_...,1515.7,0.2857,0.4704
80,12.19,1,12.19_1_with 1_...,1527,0.2748,0.4156
81,12.20,1,12.20_1_with 1_...,1565.8,0.1884,0.2678
82,10.18,2,10.18_2_with Pb...,55.7,13.8123,4.043
83,10.20,2,10.20_2_with Pb...,91,10.6615,3.4648
84,10.21,2,10.21_2_with Pb...,114.5,9.158,2.9076
85,10.22,2,10.22_2_with Pb...,138.5,8.0036,2.3769
86,10.23,2,10.23_2_with Pb...,162.5,6.8411,2.2247
87,10.24,2,10.24_2_with Pb...,186.5,6.0371,1.846
88,10.25,2,10.25_2_with Pb...,210.8,5.0198,1.4744
89,10.26,2,10.26_2_with Pb...,235.2,4.2978,1.2844
90,10.27,2,10.27_2_with Pb...,259.6,3.6453,1.1663
91,10.28,2,10.28_2_with Pb...,283.6,3.2008,0.9104
92,10.29,2,10.29_2_with Pb...,307.6,2.7016,0.8464,1
93,10.30,2,10.30_2_with Pb...,332.1,2.2638,0.7383,1
94,10.31,2,10.31_2_with Pb...,355.1,2.0053,0.6111,1
95,10.29,2,10.29_2_with Cu...,309.3,20.1661,14.249,2
96,10.30,2,10.30_2_with Cu...,330.3,17.9701,12.0226,2
97,10.31,2,10.31_2_with Cu...,356.7,14.752,10.0478,2
98,11.01,2,11.01_2_with Cu...,378.4,13.3322,9.3733
99,11.02,2,11.02_2_with Cu...,402.5,11.4678,7.7004
100,11.03,2,11.03_2_with Cu...,426.5,9.5408,6.7774
101,11.04,2,11.04_2_with Cu...,450.6,8.2241,5.6449
102,11.05,2,11.05_2_with Cu...,475.2,7.0881,4.7246
103,11.06,2,11.06_2_with Cu...,498.7,5.9446,4.0361
104,11.07,2,11.07_2_with Cu...,522.8,5.0904,3.5241
105,11.08,2,11.08_2_with Cu...,546.9,4.4125,3.0244
106,11.09,2,11.09_2_with Cu...,571.9,3.6608,2.5278
107,11.10,2,11.10_2_with Cu...,595.2,3.2158,2.2424,1
108,11.11,2,11.11_2_with Cu...,619.8,2.7456,1.9084,1
109,11.12,2,11.12_2_with Cu...,647,2.2432,1.6649,1
110,11.13,2,11.13_2_with Cu...,668.6,1.9242,1.3865,1
111,11.14,2,11.14_2_with Cu...,691.3,1.6251,1.1878,1
112,11.15,2,11.15_2_with Cu...,716.2,1.4724,1.0911,1
113,11.10,2,11.10_2_with 12...,598.4,32.3661,28.1956,2
114,11.11,2,11.11_2_with 12...,619.3,28.517,24.56,2
115,11.12,2,11.12_2_with 12...,645.4,23.144,20.9589,2
116,11.13,2,11.13_2_with 12...,666.8,19.6393,18.8048,2
117,11.14,2,11.14_2_with 12...,693.1,17.3286,15.3862,2
118,11.15,2,11.15_2_with 12...,714.3,15.2722,13.4048,2
119,11.16,2,11.16_2_with 12...,740.6,12.2672,11.5758
120,11.17,2,11.17_2_with 12...,762.7,10.075,10.0367
121,11.18,2,11.18_2_with 12...,786.5,8.6074,8.618
122,11.19,2,11.19_2_with 12...,811.2,7.7866,7.426
123,11.20,2,11.20_2_with 12...,834.3,6.9594,6.0055
124,11.21,2,11.21_2_with 12...,858.5,5.9171,5.2688
125,11.22,2,11.22_2_with 12...,884.4,4.8827,4.3354
126,11.23,2,11.23_2_with 12...,910.6,4.2913,3.8844
127,11.24,2,11.24_2_with 12...,930.8,3.7597,3.3931
128,11.25,2,11.25_2_with 12...,954.9,3.0885,2.9233,1
129,11.26,2,11.26_2_with 12...,980.1,2.7037,2.3946,1
130,11.27,2,11.27_2_with 12...,1003.1,2.2371,2.1265,1
131,11.28,2,11.28_2_with 12...,1028.6,1.9427,1.7777,1
132,11.25,2,11.25_2_with 0....,955.8,9.3495,8.7072,2
133,11.26,2,11.26_2_with 0....,978.6,8.0534,7.618,2
134,11.27,2,11.27_2_with 0....,1004.5,6.9757,6.4746,2
135,11.28,2,11.28_2_with 0....,1027.1,5.8525,5.2611,2
136,11.29,2,11.29_2_with 0....,1051.4,5.0646,4.7786
137,11.30,2,11.30_2_with 0....,1078.7,4.1184,3.9617
138,12.01,2,12.01_2_with 0....,1100.6,3.5286,3.5564
139,12.02,2,12.02_2_with 0....,1124.1,3.072,2.8566,1
140,12.03,2,12.03_2_with 0....,1149,2.6407,2.4715,1
141,12.04,2,12.04_2_with 0....,1172.3,2.226,2.0895,1
142,12.05,2,12.05_2_with 0....,1197.3,1.8693,1.966,1
143,12.02,2,12.02_2_with 0_...,1125.9,6.4235,6.514,2
144,12.03,2,12.03_2_with 0_...,1147.3,5.6945,5.3442,2
145,12.04,2,12.04_2_with 0_...,1173.7,4.4758,4.7954,2
146,12.05,2,12.05_2_with 0_...,1195.6,4.0927,4.0673,2
147,12.06,2,12.06_2_with 0_...,1220.5,3.5148,3.4455
148,12.07,2,12.07_2_with 0_...,1244.7,2.9549,2.7083
149,12.08,2,12.08_2_with 0_...,1268.5,2.4387,2.3298
150,12.09,2,12.09_2_with 0_...,1293.2,2.0991,1.9721
151,12.10,2,12.10_2_with 0_...,1316.2,1.7526,1.717
152,12.11,2,12.11_2_with 1_...,1341.4,1.4016,1.6834
153,12.12,2,12.12_2_with 1_...,1365.3,1.2206,1.4328
154,12.13,2,12.13_2_with 1_...,1390.4,1.0252,1.1128
155,12.14,2,12.14_2_with 1_...,1419.4,0.7897,0.9273
156,12.15,2,12.15_2_with 1_...,1432,0.7188,0.8637
157,12.16,2,12.16_2_with 1_...,1468.2,0.5559,0.7183
158,12.17,2,12.17_2_with 1_...,1487.1,0.4384,0.6703
159,12.18,2,12.18_2_with 1_...,1516.7,0.3426,0.4989
160,12.19,2,12.19_2_with 1_...,1527.6,0.3337,0.3429
161,12.20,2,12.20_2_with 1_...,1566.8,0.1637,0.2723
162,10.18,3,10.18_3_with Pb...,56.2,14.0641,4.0998
163,10.20,3,10.20_3_with Pb...,91.3,10.8812,3.356
164,10.21,3,10.21_3_with Pb...,114.8,9.4603,2.9646
165,10.22,3,10.22_3_with Pb...,138.7,8.1186,2.6057
166,10.23,3,10.23_3_with Pb...,162.9,6.7688,2.2551
167,10.24,3,10.24_3_with Pb...,186.7,6.1559,1.7572
168,10.25,3,10.25_3_with Pb...,211.2,5.0744,1.5851
169,10.26,3,10.26_3_with Pb...,235.7,4.2538,1.3632
170,10.27,3,10.27_3_with Pb...,260.1,3.6513,1.1325
171,10.28,3,10.28_3_with Pb...,284.3,3.026,0.9821
172,10.29,3,10.29_3_with Pb...,308.1,2.6744,0.808,1
173,10.30,3,10.30_3_with Pb...,331.8,2.2869,0.706,1
174,10.31,3,10.31_3_with Pb...,355.6,1.9978,0.6079,1
175,10.29,3,10.29_3_with Cu...,309.2,20.9821,14.5046,2
176,10.30,3,10.30_3_with Cu...,330.6,17.7485,12.8052,2
177,10.31,3,10.31_3_with Cu...,356.5,15.2636,10.2991,2
178,11.01,3,11.01_3_with Cu...,378.6,13.1276,9.2286
179,11.03,3,11.03_3_with Cu...,426.7,9.7253,6.6814
180,11.04,3,11.04_3_with Pb...,453.3,1.0784,0.3336,1
181,11.05,3,11.05_3_with Pb...,477.5,0.9089,0.2813,1
182,11.06,3,11.06_3_with Pb...,501.6,0.7618,0.2401,1
183,11.04,3,11.04_3_with Cu...,450.8,8.377,5.7142,2
184,11.05,3,11.05_3_with Cu...,475.4,7.1836,4.7273,2
185,11.06,3,11.06_3_with Cu...,499,6.1778,4.3869,2
186,11.07,3,11.07_3_with Cu...,523.1,5.1642,3.5172
187,11.08,3,11.08_3_with Cu...,547.3,4.463,3.0139
188,11.09,3,11.09_3_with Cu...,572.4,3.7255,2.5697
189,11.10,3,11.10_3_with Cu...,595.7,3.2618,2.196,1
190,11.11,3,11.11_3_with Cu...,620.4,2.7495,1.8773,1
191,11.12,3,11.12_3_with Cu...,646.6,2.2888,1.6153,1
192,11.13,3,11.13_3_with Cu...,668.1,1.9465,1.4143,1
193,11.14,3,11.14_3_with Cu...,691.9,1.6563,1.1856,1
194,11.15,3,11.15_3_with Cu...,715.7,1.4838,1.0998,1
195,11.10,3,11.10_3_with 12...,598.4,33.7744,29.5727,2
196,11.11,3,11.11_3_with 12...,619,29.1353,25.6645,2
197,11.12,3,11.12_3_with 12...,645.6,24.0223,21.5929,2
198,11.13,3,11.13_3_with 12...,666.4,20.5051,18.9671,2
199,11.14,3,11.14_3_with 12...,692.9,17.4375,16.2329,2
200,11.15,3,11.15_3_with 12...,714.5,15.5457,13.9237,2
201,11.16,3,11.16_3_with 12...,740.8,12.6726,11.7506
202,11.17,3,11.17_3_with 12...,762.9,10.1329,10.4062
203,11.18,3,11.18_3_with 12...,786.7,9.2388,8.5264
204,11.19,3,11.19_3_with 12...,811.4,7.9287,7.3795
205,11.20,3,11.20_3_with 12...,834.5,7.1049,6.5777
206,11.21,3,11.21_3_with 12...,858.7,6.0381,5.396
207,11.22,3,11.22_3_with 12...,884.6,5.0718,4.7102
208,11.23,3,11.23_3_with 12...,910.9,4.1858,3.9305
209,11.24,3,11.24_3_with 12...,931.1,3.7798,3.3546
210,11.25,3,11.25_3_with 12...,955.2,3.1689,2.8404,1
211,11.26,3,11.26_3_with 12...,979.7,2.78,2.434,1
212,11.27,3,11.27_3_with 12...,1003.7,2.2864,2.1125,1
213,11.28,3,11.28_3_with 12...,1028.3,2.0519,1.8353,1
214,11.25,3,11.25_3_with 0....,955.7,9.323,8.9806,2
215,11.26,3,11.26_3_with 0....,978.8,8,7.5496,2
216,11.27,3,11.27_3_with 0....,1004.3,6.6963,6.3253,2
217,11.28,3,11.28_3_with 0....,1027.3,5.8615,5.6249,2
218,11.29,3,11.29_3_with 0....,1051.6,5.1856,4.7621
219,11.30,3,11.30_3_with 0....,1079,4.3419,4.0274
220,12.01,3,12.01_3_with 0....,1100.9,3.6093,3.5371
221,12.02,3,12.02_3_with 0....,1124.4,3.1042,2.9808,1
222,12.03,3,12.03_3_with 0....,1148.7,2.6124,2.5822,1
223,12.04,3,12.04_3_with 0....,1172.7,2.2604,2.2093,1
224,12.05,3,12.05_3_with 0....,1196.8,1.934,1.9576,1
225,12.02,3,12.02_3_with 0_...,1125.7,6.7855,6.4864,2
226,12.03,3,12.03_3_with 0_...,1147.7,5.809,5.4068,2
227,12.04,3,12.04_3_with 0_...,1173.5,4.7562,4.5728,2
228,12.05,3,12.05_3_with 0_...,1195.8,3.8425,4.1815,2
229,12.06,3,12.06_3_with 0_...,1220.8,3.5503,3.5066
230,12.07,3,12.07_3_with 0_...,1245,3.0881,2.7966
231,12.08,3,12.08_3_with 0_...,1268.9,2.5371,2.1993
232,12.09,3,12.09_3_with 0_...,1293.5,2.1467,1.9775
233,12.10,3,12.10_3_with 0_...,1316.7,1.9063,1.8952
234,12.11,3,12.11_3_with 1_...,1341.8,1.4896,1.6075
235,12.12,3,12.12_3_with 1_...,1365.8,1.1718,1.3135
236,12.13,3,12.13_3_with 1_...,1390.8,0.9652,1.1868
237,12.14,3,12.14_3_with 1_...,1420.4,0.801,0.9711
238,12.15,3,12.15_3_with 1_...,1432.6,0.7581,0.9213
239,12.16,3,12.16_3_with 1_...,1468.8,0.5445,0.7534
240,12.17,3,12.17_3_with 1_...,1487.6,0.4343,0.562
241,12.18,3,12.18_3_with 1_...,1517.3,0.3283,0.5404
242,12.19,3,12.19_3_with 1_...,1528.4,0.3043,0.3638
243,10.18,4,10.18_4_with Pb...,56,13.911,4.2436
244,10.20,4,10.20_4_with Pb...,91.7,10.8365,3.3091
245,10.21,4,10.21_4_with Pb...,115,9.7307,2.9784
246,10.22,4,10.22_4_with Pb...,138.9,8.2458,2.405
247,10.23,4,10.23_4_with Pb...,162.7,6.8938,2.1032
248,10.24,4,10.24_4_with Pb...,186.9,6.1458,1.92
249,10.25,4,10.25_4_with Pb...,211.6,5.1718,1.7019
250,10.26,4,10.26_4_with Pb...,236.1,4.2808,1.381
251,10.27,4,10.27_4_with Pb...,260.7,3.7023,1.1169
252,10.28,4,10.28_4_with Pb...,284.9,3.2332,0.9738
253,10.29,4,10.29_4_with Pb...,308.7,2.7115,0.8135,1
254,10.30,4,10.30_4_with Pb...,331.3,2.4188,0.747,1
255,10.31,4,10.31_4_with Pb...,356.2,2.0244,0.651,1
256,10.29,4,10.29_4_with Cu...,309,20.541,14.3946,2
257,10.30,4,10.30_4_with Cu...,330.7,18.4471,12.8627,2
258,10.31,4,10.31_4_with Cu...,356.4,15.7014,10.7048,2
259,11.01,4,11.01_4_with Cu...,378.8,13.2181,9.2648
260,11.02,4,11.02_4_with Cu...,402.8,11.3266,7.6911
261,11.03,4,11.03_4_with Cu...,426.9,9.7724,6.7126
262,11.04,4,11.04_4_with Cu...,451,8.3651,5.7456
263,11.04,4,11.04_4_with Pb...,452.1,1.0668,0.3451
264,11.05,4,11.05_4_with Pb...,476.6,0.9488,0.2908,1
265,11.06,4,11.06_4_with Pb...,500.4,0.8033,0.2634,1
266,11.05,4,11.05_4_with Cu...,475.7,7.229,4.9298,2
267,11.06,4,11.06_4_with Cu...,499.3,6.3628,4.1637,2
268,11.07,4,11.07_4_with Cu...,523.5,5.1371,3.53
269,11.08,4,11.08_4_with Cu...,547.8,4.5435,3.1038
270,11.09,4,11.09_4_with Cu...,572.8,3.79,2.6142
271,11.10,4,11.10_4_with Cu...,596.2,3.2488,2.258,1
272,11.11,4,11.11_4_with Cu...,621.6,2.8244,1.8902,1
273,11.12,4,11.12_4_with Cu...,646.3,2.262,1.6908,1
274,11.13,4,11.13_4_with Cu...,667.5,2,1.4724,1
275,11.14,4,11.14_4_with Cu...,692.5,1.7754,1.2444,1
276,11.15,4,11.15_4_with Cu...,715.2,1.4491,1.0383,1
277,11.10,4,11.10_4_with 12...,598.5,32.8578,29.6941,2
278,11.11,4,11.11_4_with 12...,619.1,29.7785,25.7206,2
279,11.12,4,11.12_4_with 12...,645.7,24.2188,21.7039,2
280,11.13,4,11.13_4_with 12...,666.9,20.4012,19.1907,2
281,11.14,4,11.14_4_with 12...,692.7,17.728,16.015,2
282,11.15,4,11.15_4_with 12...,714.6,15.337,13.9552,2
283,11.16,4,11.16_4_with 12...,741,12.5031,11.9185
284,11.17,4,11.17_4_with 12...,763,10.161,10.1617
285,11.18,4,11.18_4_with 12...,786.8,9.1538,8.8517
286,11.19,4,11.19_4_with 12...,811.6,8.2592,7.5297
287,11.20,4,11.20_4_with 12...,834.7,7.0676,6.28
288,11.21,4,11.21_4_with 12...,858.9,6.0433,5.4526
289,11.22,4,11.22_4_with 12...,884.7,4.9239,4.6248
290,11.23,4,11.23_4_with 12...,911.2,4.2694,3.9426
291,11.24,4,11.24_4_with 12...,931.4,3.8203,3.5601
292,11.25,4,11.25_4_with 12...,955.4,3.1989,3.0599,1
293,11.26,4,11.26_4_with 12...,979.4,2.718,2.5354,1
294,11.27,4,11.27_4_with 12...,1004.1,2.3415,2.2087,1
295,11.28,4,11.28_4_with 12...,1027.8,1.9201,1.793,1
296,11.25,4,11.25_4_with 0....,955.6,9.5982,8.9424,2
297,11.26,4,11.26_4_with 0....,979,8.1552,7.6349,2
298,11.27,4,11.27_4_with 0....,1004.2,7.1236,6.3439,2
299,11.28,4,11.28_4_with 0....,1027.5,6.0139,5.6552,2
300,11.29,4,11.29_4_with 0....,1051.7,5.3382,4.6943
301,11.30,4,11.30_4_with 0....,1079.2,4.1949,3.9935
302,12.01,4,12.01_4_with 0....,1101.4,3.6837,3.4556
303,12.02,4,12.02_4_with 0....,1124.9,3.1073,2.9427,1
304,12.03,4,12.03_4_with 0....,1148.4,2.7067,2.6046,1
305,12.04,4,12.04_4_with 0....,1173.1,2.3568,2.1778,1
306,12.05,4,12.05_4_with 0....,1196.5,1.8979,2.0095,1
307,12.02,4,12.02_4_with 0_...,1125.5,6.761,6.529,2
308,12.03,4,12.03_4_with 0_...,1148,5.7963,5.5904,2
309,12.04,4,12.04_4_with 0_...,1173.3,4.7796,4.6947,2
310,12.05,4,12.05_4_with 0_...,1196.1,4.2618,4.1584,2
311,12.06,4,12.06_4_with 0_...,1221.1,3.5325,3.498
312,12.07,4,12.07_4_with 0_...,1245.3,2.9554,3.0548
313,12.08,4,12.08_4_with 0_...,1269.2,2.5218,2.3852
314,12.09,4,12.09_4_with 0_...,1293.8,2.1972,1.9729
315,12.10,4,12.10_4_with 0_...,1317.2,1.7496,1.9445
316,12.11,4,12.11_4_with 1_...,1342.8,1.4928,1.6094
317,12.12,4,12.12_4_with 1_...,1366.2,1.2486,1.3839
318,12.13,4,12.13_4_with 1_...,1391.3,1.0294,1.14
319,12.14,4,12.14_4_with 1_...,1421.4,0.8142,0.9569
320,12.15,4,12.15_4_with 1_...,1433.2,0.7655,0.9275
321,12.16,4,12.16_4_with 1_...,1469.6,0.5556,0.786
322,12.17,4,12.17_4_with 1_...,1488.1,0.4242,0.5777
323,12.18,4,12.18_4_with 1_...,1518.4,0.3576,0.5155
324,12.19,4,12.19_4_with 1_...,1529.2,0.3144,0.3757
