,name,747 kev,633/634 kev
1,10.18_1_with Pb.root,13.375,3.548
1,10.18_2_with Pb.root,14.231,3.864
1,10.18_3_with Pb.root,13.532,4.009
1,10.18_4_with Pb.root,14.284,4.058
1 平均值,,14.0156666666667,3.977
2,10.20_1_with Pb.root,9.833,3.22
2,10.20_2_with Pb.root,10.29,3.611
2,10.20_3_with Pb.root,11.022,3.291
2,10.20_4_with Pb.root,11.441,3.402
2 平均值,,10.6465,3.381
3,10.21_1_with Pb.root,8.912,2.657
3,10.21_2_with Pb.root,9.216,3.209
3,10.21_3_with Pb.root,9.487,2.87
3,10.21_4_with Pb.root,9.511,2.979
3 平均值,,9.2815,2.92875
4,10.22_1_with Pb.root,7.761,2.37
4,10.22_2_with Pb.root,7.994,2.289
4,10.22_3_with Pb.root,7.842,2.595
4,10.22_4_with Pb.root,7.964,2.513
4 平均值,,7.89025,2.44175
5,10.23_1_with Pb.root,6.006,1.871
5,10.23_2_with Pb.root,6.827,2.197
5,10.23_3_with Pb.root,7.033,2.25
5,10.23_4_with Pb.root,6.928,1.979
5 平均值,,6.6985,2.07425
6,10.24_1_with Pb.root,5.353,1.6
6,10.24_2_with Pb.root,6.285,1.766
6,10.24_3_with Pb.root,6.283,1.808
6,10.24_4_with Pb.root,6.178,2.206
6 平均值,,6.02475,1.845
7,10.25_1_with Pb.root,4.633,1.447
7,10.25_2_with Pb.root,5.069,1.522
7,10.25_3_with Pb.root,5.16,1.527
7,10.25_4_with Pb.root,5.384,1.677
7 平均值,,5.0615,1.54325
8,10.26_1_with Pb.root,3.981,1.175
8,10.26_2_with Pb.root,4.502,1.338
8,10.26_3_with Pb.root,4.377,1.502
8,10.26_4_with Pb.root,4.39,1.384
8 平均值,,4.3125,1.34975
9,10.27_1_with Pb.root,3.502,1.133
9,10.27_2_with Pb.root,3.722,1.077
9,10.27_3_with Pb.root,3.917,1.191
9,10.27_4_with Pb.root,3.881,1.015
9 平均值,,3.7555,1.104
10,10.28_1_with Pb.root,2.944,0.94
10,10.28_2_with Pb.root,3.247,0.924
10,10.28_3_with Pb.root,3.105,0.976
10,10.28_4_with Pb.root,3.304,0.986
10 平均值,,3.15,0.9565
11,10.29_1_with Pb.root,2.542,0.791
11,10.29_2_with Pb.root,2.691,0.91
11,10.29_3_with Pb.root,2.689,0.781
11,10.29_4_with Pb.root,2.711,0.795
11 平均值,,2.65825,0.81925
12,10.29_1_with Cu.root,18.964,14.093
12,10.29_2_with Cu.root,20.461,14.688
12,10.29_3_with Cu.root,21.649,14.949
12,10.29_4_with Cu.root,21.204,15.085
12 平均值,,20.5695,14.70375
13,10.30_1_with Cu.root,17.355,11.443
13,10.30_2_with Cu.root,18.402,12.452
13,10.30_3_with Cu.root,17.973,13.095
13,10.30_4_with Cu.root,19.072,12.874
13 平均值,,18.2005,12.466
14,10.30_1_with Pb.root,2.149,0.658
14,10.30_2_with Pb.root,2.286,0.782
14,10.30_3_with Pb.root,2.424,0.756
14,10.30_4_with Pb.root,2.384,0.753
14 平均值,,2.31075,0.73725
15,10.31_1_with Cu.root,14.182,9.493
15,10.31_2_with Cu.root,14.972,10.063
15,10.31_3_with Cu.root,16.091,10.33
15,10.31_4_with Cu.root,16.195,11.239
15 平均值,,15.36,10.28125
16,10.31_1_with Pb.root,1.864,0.567
16,10.31_2_with Pb.root,2.1,0.648
16,10.31_3_with Pb.root,1.93,0.634
16,10.31_4_with Pb.root,1.99,0.643
16 平均值,,1.971,0.623
17,11.01_1_with Cu.root,11.824,8.729
17,11.01_2_with Cu.root,13.746,9.517
17,11.01_3_with Cu.root,13.214,9.479
17,11.01_4_with Cu.root,13.197,9.559
17 平均值,,12.99525,9.321
18,11.02_1_with Cu.root,10.311,7.168
18,11.02_2_with Cu.root,11.975,7.959
18,11.02_4_with Cu.root,11.352,7.941
18 平均值,,11.2126666666667,7.68933333333333
19,11.03_1_with Cu.root,9.008,6.252
19,11.03_2_with Cu.root,9.687,7.162
19,11.03_3_with Cu.root,9.677,6.84
19,11.03_4_with Cu.root,9.657,6.842
19 平均值,,9.50725,6.774
20,11.04_1_with Cu.root,7.659,5.411
20,11.04_2_with Cu.root,8.305,5.82
20,11.04_3_with Cu.root,8.288,5.867
20,11.04_4_with Cu.root,8.647,5.887
20 平均值,,8.22475,5.74625
21,11.04_3_with Pb.root,1.066,0.313
21,11.04_4_with Pb.root,1.107,0.373
21 平均值,,1.0865,0.343
22,11.05_1_with Cu.root,6.586,4.636
22,11.05_2_with Cu.root,7.312,4.874
22,11.05_3_with Cu.root,7.377,4.744
22,11.05_4_with Cu.root,7.472,5.108
22 平均值,,7.18675,4.8405
23,11.05_3_with Pb.root,0.928,0.308
23,11.05_4_with Pb.root,0.977,0.295
23 平均值,,0.9525,0.3015
24,11.06_1_with Cu.root,5.614,4.219
24,11.06_2_with Cu.root,5.973,4.155
24,11.06_3_with Cu.root,6.421,4.468
24,11.06_4_with Cu.root,6.34,4.036
24 平均值,,6.087,4.2195
25,11.06_3_with Pb.root,0.743,0.247
25,11.06_4_with Pb.root,0.757,0.262
25 平均值,,0.75,0.2545
26,11.07_1_with Cu.root,4.736,3.336
26,11.07_2_with Cu.root,5.21,3.567
26,11.07_3_with Cu.root,5.276,3.684
26,11.07_4_with Cu.root,5.083,3.606
26 平均值,,5.07625,3.54825
27,11.08_1_with Cu.root,3.992,2.797
27,11.08_2_with Cu.root,4.501,3.196
27,11.08_3_with Cu.root,4.49,3.07
27,11.08_4_with Cu.root,4.556,3.22
27 平均值,,4.38475,3.07075
28,11.09_1_with Cu.root,3.475,2.561
28,11.09_2_with Cu.root,3.778,2.614
28,11.09_3_with Cu.root,3.665,2.717
28,11.09_4_with Cu.root,3.778,2.757
28 平均值,,3.674,2.66225
29,11.10_1_with 12.5.root,30.677,26.796
29,11.10_2_with 12.5.root,33.332,29.369
29,11.10_3_with 12.5.root,34.547,30.909
29,11.10_4_with 12.5.root,33.457,31.139
29 平均值,,33.00325,29.55325
30,11.10_1_with Cu.root,2.934,2.063
30,11.10_2_with Cu.root,3.293,2.374
30,11.10_3_with Cu.root,3.303,2.312
30,11.10_4_with Cu.root,3.273,2.359
30 平均值,,3.20075,2.277
31,11.10_1_with 12.5_1_L.root,14.47,12.801
31,11.10_1_with 12.5_1_R.root,14.797,13.197
31,11.10_1_with 12.5_4_L.root,15.091,13.187
31,11.10_1_with 12.5_4_R.root,14.983,13.895
31,11.10_2_with 12.5_2_L.root,16.668,14.533
31,11.10_2_with 12.5_2_R.root,17.144,15.432
31,11.10_2_with 12.5_3_L.root,15.239,13.496
31,11.10_2_with 12.5_3_R.root,16.074,14.405
31,11.10_3_with 12.5_8_L.root,17.002,14.965
31,11.10_3_with 12.5_8_R.root,18.78,16.475
31,11.10_3_with 12.5_9_L.root,15.258,13.509
31,11.10_3_with 12.5_9_L_13h.root,12.266,10.908
31,11.10_3_with 12.5_9_R.root,16.899,14.735
31,11.10_4_with 12.5_5_L.root,16.062,14.62
31,11.10_4_with 12.5_5_R.root,18.1,16.126
31,11.10_4_with 12.5_6_L.root,15.416,13.859
31,11.10_4_with 12.5_6_R.root,17.11,15.225
31 平均值,,15.9622941176471,14.1981176470588
32,11.11_1_with Cu.root,2.556,1.867
32,11.11_2_with Cu.root,2.872,1.979
32,11.11_3_with Cu.root,2.765,2.029
32,11.11_4_with Cu.root,2.825,1.996
32 平均值,,2.7545,1.96775
33,11.11_1_with 12.5.root,27.042,24.323
33,11.11_2_with 12.5.root,28.987,25.558
33,11.11_3_with 12.5.root,29.358,26.71
33,11.11_4_with 12.5.root,30.254,26.696
33 平均值,,28.91025,25.82175
34,11.11_3_with 12.5_9_L_1h.root,14.658,13.256
34 平均值,,14.658,13.256
35,11.12_1_with Cu.root,2.119,1.609
35,11.12_2_with Cu.root,2.327,1.744
35,11.12_3_with Cu.root,2.303,1.653
35,11.12_4_with Cu.root,2.371,1.713
35 平均值,,2.28,1.67975
36,11.12_1_with 12.5.root,23.325,20.497
36,11.12_2_with 12.5.root,24.756,21.789
36,11.12_3_with 12.5.root,25.32,22.565
36,11.12_4_with 12.5.root,25.543,22.826
36 平均值,,24.736,21.91925
37,11.13_1_with Cu.root,1.926,1.359
37,11.13_2_with Cu.root,1.98,1.451
37,11.13_3_with Cu.root,2.091,1.545
37,11.13_4_with Cu.root,2.13,1.566
37 平均值,,2.03175,1.48025
38,11.13_1_with 12.5.root,19.723,17.832
38,11.13_2_with 12.5.root,21.476,19.862
38,11.13_3_with 12.5.root,22.027,19.961
38,11.13_4_with 12.5.root,22.081,19.948
38 平均值,,21.32675,19.40075
39,11.13_3_with 12.5_9_L_19h.root,10.425,9.398
39,11.14_1_with 12.5.root,16.607,15.336
39,11.14_2_with 12.5.root,17.935,16.264
39,11.14_3_with 12.5.root,18.259,17.253
39,11.14_4_with 12.5.root,18.658,16.884
39 平均值,,16.3768,15.027
40,11.14_1_with Cu.root,1.569,1.182
40,11.14_2_with Cu.root,1.844,1.284
40,11.14_3_with Cu.root,1.657,1.287
40,11.14_4_with Cu.root,1.866,1.33
40 平均值,,1.734,1.27075
41,11.15_1_with 12.5.root,14.218,12.592
41,11.15_2_with 12.5.root,16.015,14.484
41,11.15_3_with 12.5.root,16.043,14.928
41,11.15_4_with 12.5.root,15.87,15.03
41 平均值,,15.5365,14.2585
42,11.15_1_with Cu.root,1.512,1.027
42,11.15_2_with Cu.root,1.575,1.122
42,11.15_3_with Cu.root,1.491,1.155
42,11.15_4_with Cu.root,1.566,1.13
42 平均值,,1.536,1.1085
43,11.16_1_with 12.5.root,11.953,11.307
43,11.16_2_with 12.5.root,13.079,12.338
43,11.16_3_with 12.5.root,13.75,12.575
43,11.16_4_with 12.5.root,13.657,12.883
43 平均值,,13.10975,12.27575
44,11.17_1_with 12.5.root,10.603,9.602
44,11.17_2_with 12.5.root,11.31,10.807
44,11.17_3_with 12.5.root,11.487,11.132
44,11.17_4_with 12.5.root,11.677,10.818
44 平均值,,11.26925,10.58975
总平均值,,10.0278603351955,7.43417318435755
1,11.18_1_with 12.5,9.416,8.432
1,11.18_2_with 12.5,9.58,9.31
1,11.18_3_with 12.5,10.111,9.259
1,11.18_4_with 12.5,10.056,9.668
1 平均值,,9.91566666666667,9.41233333333333
2,11.19_1_with 12.5,8.135,7.551
2,11.19_2_with 12.5,8.517,8.179
2,11.19_3_with 12.5,8.602,8.081
2,11.19_4_with 12.5,8.909,8.278
2 平均值,,8.54075,8.02225
3,11.20_1_with 12.5,6.891,6.44
3,11.20_2_with 12.5,7.231,6.688
3,11.20_3_with 12.5,7.375,7.38
3,11.20_4_with 12.5,7.61,7.296
3 平均值,,7.27675,6.951
4,11.21_1_with 12.5,5.765,5.469
4,11.21_2_with 12.5,6.209,5.952
4,11.21_3_with 12.5,6.343,6.083
4,11.21_4_with 12.5,6.358,6.189
4 平均值,,6.16875,5.92325
5,11.22_1_with 12.5,5.016,4.778
5,11.22_2_with 12.5,5.531,5.03
5,11.22_3_with 12.5,5.529,5.38
5,11.22_4_with 12.5,5.371,5.161
5 平均值,,5.36175,5.08725
6,11.23_1_with 12.5,4.095,4.068
6,11.23_2_with 12.5,4.615,4.561
6,11.23_3_with 12.5,4.509,4.676
6,11.23_4_with 12.5,4.791,4.581
6 平均值,,4.5025,4.4715
7,11.24_1_with 12.5,3.682,3.794
7,11.24_2_with 12.5,4.21,4.034
7,11.24_3_with 12.5,4.172,4.047
7,11.24_4_with 12.5,4.166,4.34
7 平均值,,4.0575,4.05375
8,11.25_1_with 0,9.093,9.918
8,11.25_2_with 0,10.505,10.851
8,11.25_3_with 0,10.557,11.296
8,11.25_4_with 0,10.641,11.116
8 平均值,,10.199,10.79525
9,11.26_1_with 0,8.19,8.873
9,11.26_2_with 0,8.656,9.665
9,11.26_3_with 0,8.501,9.81
9,11.26_4_with 0,8.627,9.987
9 平均值,,8.4935,9.58375
10,11.27_1_with 0,6.874,7.772
10,11.27_2_with 0,7.631,8.626
10,11.27_3_with 0,7.743,8.345
10,11.27_4_with 0,7.989,8.328
10 平均值,,7.55925,8.26775
11,11.28_1_with 0,5.834,6.681
11,11.28_2_with 0,6.589,7.337
11,11.28_3_with 0,6.788,7.535
11,11.28_4_with 0,6.753,7.731
11 平均值,,6.491,7.321
12,11.25_1_with 12.5,3.173,3.151
12,11.25_2_with 12.5,3.398,3.473
12,11.25_3_with 12.5,3.504,3.314
12,11.25_4_with 12.5,3.438,3.677
12 平均值,,3.37825,3.40375
13,11.26_1_with 12.5,2.606,2.857
13,11.26_2_with 12.5,3.007,3.073
13,11.26_3_with 12.5,2.961,3.108
13,11.26_4_with 12.5,2.991,3.245
13 平均值,,2.89125,3.07075
14,11.27_1_with 12.5,2.374,2.558
14,11.27_2_with 12.5,2.555,2.634
14,11.27_3_with 12.5,2.632,2.757
14,11.27_4_with 12.5,2.657,2.872
14 平均值,,2.5545,2.70525
15,11.28_1_with 12.5,2.13,2.26
15,11.28_2_with 12.5,2.038,2.515
15,11.28_3_with 12.5,2.271,2.476
15,11.28_4_with 12.5,2.125,2.476
15 平均值,,2.141,2.43175
16,11.29_1_with 0,5.025,6.222
16,11.29_2_with 0,5.469,6.851
16,11.29_3_with 0,6.032,6.783
16,11.29_4_with 0,5.99,6.766
16 平均值,,5.629,6.6555
17,11.30_1_with 0,4.32,5.384
17,11.30_2_with 0,4.596,5.901
17,11.30_3_with 0,4.854,6.225
17,11.30_4_with 0,4.892,5.901
17 平均值,,4.6655,5.85275
18,12.01_1_with 0,3.919,4.926
18,12.01_2_with 0,4.146,5.41
18,12.01_3_with 0,4.236,5.596
18,12.01_4_with 0,4.306,5.417
18 平均值,,4.15175,5.33725
19,12.02_1_with 0,3.287,4.575
19,12.02_2_with 0,3.657,4.987
19,12.02_3_with 0,3.612,4.88
19,12.02_4_with 0,3.651,4.914
19 平均值,,3.55175,4.839
20,12.02_1_with 0_0.5,6.674,9.366
20,12.02_2_with 0_0.5,7.917,10.603
20,12.02_3_with 0_0.5,8.31,10.904
20,12.02_4_with 0_0.5,8.123,10.435
20 平均值
1,12.03_1_with 0.root,2.674,3.9
1,12.03_2_with 0.root,3.214,4.393
1,12.03_3_with 0.root,3.248,4.498
1,12.03_4_with 0.root,3.206,4.491
1 平均值,,3.22266666666667,4.46066666666667
2,12.04_1_with 0.root,2.371,3.657
2,12.04_2_with 0.root,2.754,3.987
2,12.04_3_with 0.root,2.673,4.04
2,12.04_4_with 0.root,2.843,4.033
2 平均值,,2.66025,3.92925
3,12.05_1_with 0.root,2.036,3.336
3,12.05_2_with 0.root,2.259,3.68
3,12.05_3_with 0.root,2.468,3.696
3,12.05_4_with 0.root,2.361,3.71
3 平均值,,2.281,3.6055
4,12.03_1_with 0_0.5.,6.436,8.507
4,12.03_2_with 0_0.5.,6.896,9.46
4,12.03_3_with 0_0.5.,6.912,9.651
4,12.03_4_with 0_0.5.,6.807,9.613
4 平均值,,6.76275,9.30775
5,12.04_1_with 0_0.5.,5.485,7.642
5,12.04_2_with 0_0.5.,5.647,8.762
5,12.04_3_with 0_0.5.,5.752,8.825
5,12.04_4_with 0_0.5.,5.936,8.933
5 平均值,,5.705,8.5405
6,12.05_1_with 0_0.5.,4.902,7.246
6,12.05_2_with 0_0.5.,5.164,8.231
6,12.05_3_with 0_0.5.,5.221,8.011
6,12.05_4_with 0_0.5.,5.251,7.949
6 平均值,,5.1345,7.85925
7,12.06_1_with 0_0.5.,4.024,6.644
7,12.06_2_with 0_0.5.,4.597,7.534
7,12.06_3_with 0_0.5.,4.495,7.208
7,12.06_4_with 0_0.5.,4.58,7.386
7 平均值,,4.424,7.193
8,12.07_1_with 0_0.5.,3.538,6.266
8,12.07_2_with 0_0.5.,3.988,6.599
8,12.07_3_with 0_0.5.,4.114,6.822
8,12.07_4_with 0_0.5.,4.078,6.966
8 平均值,,3.9295,6.66325
9,12.08_1_with 0_0.5.,3.404,5.597
9,12.08_2_with 0_0.5.,3.428,6.311
9,12.08_3_with 0_0.5.,3.65,6.194
9,12.08_4_with 0_0.5.,3.507,6.535
9 平均值,,3.49725,6.15925
,12.09_1_with 0_0.5.root,2.627,5.248
,12.09_2_with 0_0.5.root,2.998,5.798
,12.09_3_with 0_0.5.root,2.992,5.828
,12.09_4_with 0_0.5.root,3.08,5.919
,,3.02333333333333,5.84833333333333
,12.10_1_with 0_0.5.root,2.616,5.155
,12.10_2_with 0_0.5.root,2.597,5.342
,12.10_3_with 0_0.5.root,2.723,5.591
,12.10_4_with 0_0.5.root,2.567,5.509
,,2.6355,5.3165
,12.10_1_with 1_0.5.root,2.43,5.018
,12.10_2_with 1_0.5.root,2.606,5.178
,12.10_3_with 1_0.5.root,2.695,5.355
,12.10_4_with 1_0.5.root,2.642,5.357
,,2.60857142857143,5.33571428571429
,12.11_1_with 1_0.5.root,2.123,4.615
,12.11_2_with 1_0.5.root,2.269,4.981
,12.11_3_with 1_0.5.root,2.255,5.005
,12.11_4_with 1_0.5.root,2.351,5.068
,,2.2495,4.91725
,12.12_1_with 1_0.5.root,1.953,4.343
,12.12_2_with 1_0.5.root,2.005,4.782
,12.12_3_with 1_0.5.root,1.999,4.594
,12.12_4_with 1_0.5.root,2.035,4.734
,,1.998,4.61325
2,12.13_1_with 1_0.5.root,1.773,4.101
2,12.13_2_with 1_0.5.root,1.717,4.538
2,12.13_3_with 1_0.5.root,1.767,4.486
2,12.13_4_with 1_0.5.root,1.835,4.438
2 平均值,,1.773,4.39075
3,12.14_1_with 1_0.5.root,1.58,3.934
3,12.14_2_with 1_0.5.root,1.649,4.277
3,12.14_3_with 1_0.5.root,1.636,4.344
3,12.14_4_with 1_0.5.root,1.555,4.346
3 平均值,,1.605,4.22525
4,12.15_1_with 1_0.5.root,1.475,3.835
4,12.15_2_with 1_0.5.root,1.511,4.075
4,12.15_3_with 1_0.5.root,1.578,4.221
4,12.15_4_with 1_0.5.root,1.594,4.221
4 平均值,,1.5395,4.088
5,12.16_1_with 1_0.5.root,1.291,3.515
5,12.16_2_with 1_0.5.root,1.416,3.896
5,12.16_3_with 1_0.5.root,1.395,3.925
5,12.16_4_with 1_0.5.root,1.406,3.962
5 平均值,,1.377,3.8245
6,12.17_1_with 1_0.5.root,1.309,3.556
6,12.17_2_with 1_0.5.root,1.274,3.832
6,12.17_3_with 1_0.5.root,1.242,3.89
6,12.17_4_with 1_0.5.root,1.138,3.745
6 平均值,,1.24075,3.75575
7,12.18_1_with 1_0.5.root,1.216,3.297
7,12.18_2_with 1_0.5.root,1.05,3.599
7,12.18_3_with 1_0.5.root,1.134,3.737
7,12.18_4_with 1_0.5.root,1.123,3.719
7 平均值,,1.13075,3.588
8,12.19_1_with 1_0.5.root,1.139,3.352
8,12.19_2_with 1_0.5.root,1.171,3.55
8,12.19_3_with 1_0.5.root,1.065,3.616
8,12.19_4_with 1_0.5.root,1.129,3.672
8 平均值,,1.126,3.5475
9,12.20_1_with 1_0.5.root,0.915,3.183
9,12.20_2_with 1_0.5.root,0.968,3.401
9 平均值,,0.9415,3.292
