source,run,file,entries,E1f_counts,E1f_Sm146,E1f_Sm147,E1f_Eu147,E1f_Am241a,E1f_Am241b,E1b_counts,E1b_Sm146,E1b_Sm147,E1b_Eu147,E1b_Am241a,E1b_Am241b,E2f_counts,E2f_Sm146,E2f_Sm147,E2f_Eu147,E2f_Am241a,E2f_Am241b,E2b_counts,E2b_Sm146,E2b_Sm147,E2b_Eu147,E2b_Am241a,E2b_Am241b,E3f_counts,E3f_Sm146,E3f_Sm147,E3f_Eu147,E3f_Am241a,E3f_Am241b,E3b_counts,E3b_Sm146,E3b_Sm147,E3b_Eu147,E3b_Am241a,E3b_Am241b,E4f_counts,E4f_Sm146,E4f_Sm147,E4f_Eu147,E4f_Am241a,E4f_Am241b,E4b_counts,E4b_Sm146,E4b_Sm147,E4b_Eu147,E4b_Am241a,E4b_Am241b
alpha_2026,1,2026_146Sm1.root,158823,155662,20.0,9.0,24.0,36474.0,58551.0,0,0.0,0.0,0.0,0.0,0.0,7,0.0,0.0,0.0,0.0,0.0,7,0.0,0.0,0.0,0.0,0.0,7,0.0,0.0,0.0,0.0,0.0,9,0.0,0.0,0.0,0.0,0.0,2,0.0,0.0,0.0,0.0,0.0,1,0.0,0.0,0.0,0.0,0.0
alpha_2026,2,2026_146Sm2.root,182988,3,0.0,0.0,0.0,0.0,0.0,0,0.0,0.0,0.0,0.0,0.0,5,0.0,0.0,0.0,0.0,0.0,4,0.0,0.0,0.0,0.0,0.0,175362,42.0,21.0,61.0,41684.0,67198.0,170295,15.0,6.0,14.0,41569.0,68677.0,10,0.0,0.0,0.0,0.0,0.0,8,0.0,0.0,0.0,0.0,0.0
alpha_2026,3,2026_146Sm3.root,169704,8,0.0,0.0,0.0,0.0,0.0,0,0.0,0.0,0.0,0.0,0.0,156771,12.0,6.0,13.0,36084.0,50163.0,142946,34.0,26.0,21.0,34567.0,53804.0,6,0.0,0.0,0.0,0.0,0.0,6,0.0,0.0,0.0,0.0,0.0,6,0.0,0.0,0.0,0.0,0.0,6,0.0,0.0,0.0,0.0,0.0
alpha_2026,4,2026_146Sm4.root,188540,7,0.0,0.0,0.0,0.0,0.0,0,0.0,0.0,0.0,0.0,0.0,8,0.0,0.0,0.0,0.0,0.0,7,0.0,0.0,0.0,0.0,0.0,137,0.0,0.0,0.0,0.0,0.0,5,0.0,0.0,0.0,0.0,0.0,170386,7.0,6.0,30.0,39163.0,55848.0,173834,9.0,12.0,19.0,41626.0,64282.0
alpha_2026,5,2026_146Sm5.root,25678,1389,0.0,0.0,0.0,4.0,1.0,0,0.0,0.0,0.0,0.0,0.0,1123,1.0,0.0,0.0,3.0,6.0,1166,1.0,0.0,0.0,5.0,5.0,1105,0.0,0.0,0.0,0.0,4.0,1046,0.0,0.0,0.0,1.0,3.0,1297,0.0,0.0,1.0,4.0,4.0,1289,0.0,0.0,0.0,3.0,4.0
alpha_2026,6,2026_146Sm6.root,3247107,1363,0.0,0.0,0.0,2.0,6.0,0,0.0,0.0,0.0,0.0,0.0,1176,0.0,0.0,0.0,5.0,3.0,1207,1.0,0.0,1.0,2.0,6.0,1426,0.0,0.0,0.0,3.0,2.0,1446,0.0,0.0,0.0,2.0,4.0,1193,1.0,0.0,0.0,7.0,2.0,1175,0.0,0.0,1.0,4.0,3.0
alpha_2026,7,2026_146Sm7.root,6943,1913,0.0,0.0,2.0,7.0,7.0,0,0.0,0.0,0.0,0.0,0.0,1413,2.0,0.0,1.0,3.0,11.0,1433,1.0,0.0,1.0,3.0,7.0,1739,0.0,1.0,0.0,4.0,10.0,1655,1.0,0.0,0.0,4.0,6.0,1327,0.0,0.0,0.0,5.0,6.0,1357,0.0,0.0,0.0,5.0,8.0
alpha_2026,9,2026_146Sm9.root,14490,1448,1.0,0.0,0.0,6.0,5.0,0,0.0,0.0,0.0,0.0,0.0,1286,1.0,0.0,0.0,7.0,1.0,1272,1.0,1.0,0.0,4.0,1.0,1531,1.0,0.0,1.0,2.0,4.0,1460,1.0,1.0,1.0,3.0,2.0,1151,0.0,0.0,2.0,3.0,4.0,1152,0.0,0.0,2.0,3.0,5.0
alpha_2026,12,2026_146Sm12.root,8912,2401,1.0,1.0,2.0,7.0,9.0,0,0.0,0.0,0.0,0.0,0.0,2028,1.0,1.0,0.0,13.0,9.0,2016,1.0,1.0,0.0,13.0,5.0,1395,0.0,1.0,1.0,1.0,2.0,1318,0.0,1.0,1.0,2.0,2.0,1425,0.0,0.0,2.0,7.0,7.0,1308,2.0,0.0,1.0,4.0,11.0
alpha_2026,13,2026_146Sm13.root,9798,2639,0.0,0.0,0.0,5.0,5.0,0,0.0,0.0,0.0,0.0,0.0,2235,1.0,2.0,0.0,13.0,9.0,2218,1.0,1.0,0.0,11.0,3.0,2570,2.0,0.0,1.0,3.0,7.0,2423,2.0,0.0,1.0,7.0,1.0,1522,2.0,1.0,3.0,6.0,8.0,1443,0.0,1.0,4.0,4.0,5.0
alpha_2026,14,2026_146Sm14.root,16972,4659,3.0,1.0,3.0,7.0,8.0,0,0.0,0.0,0.0,0.0,0.0,3686,0.0,0.0,2.0,14.0,13.0,3699,1.0,0.0,3.0,13.0,17.0,4470,2.0,0.0,2.0,7.0,11.0,4225,2.0,0.0,3.0,5.0,5.0,2653,0.0,3.0,1.0,13.0,10.0,2463,1.0,3.0,2.0,11.0,7.0
alpha_2026,15,2026_146Sm15.root,3934,1036,1.0,1.0,0.0,5.0,3.0,0,0.0,0.0,0.0,0.0,0.0,874,0.0,0.0,0.0,6.0,2.0,875,0.0,1.0,1.0,6.0,4.0,1025,0.0,0.0,0.0,0.0,1.0,978,0.0,0.0,0.0,0.0,0.0,689,1.0,0.0,0.0,5.0,3.0,640,1.0,0.0,0.0,2.0,4.0
alpha_2026,17,2026_146Sm17.root,23991,6186,0.0,3.0,0.0,13.0,9.0,0,0.0,0.0,0.0,0.0,0.0,5202,2.0,12.0,0.0,10.0,12.0,5235,2.0,7.0,0.0,11.0,12.0,5788,1.0,3.0,1.0,10.0,17.0,5525,1.0,2.0,1.0,8.0,6.0,5565,3.0,1.0,0.0,11.0,11.0,5526,3.0,1.0,1.0,7.0,15.0
alpha_2026,18,2026_146Sm18.root,17987,4637,1.0,2.0,3.0,5.0,13.0,0,0.0,0.0,0.0,0.0,0.0,3570,0.0,11.0,1.0,7.0,12.0,3595,0.0,5.0,1.0,7.0,8.0,4321,0.0,1.0,2.0,8.0,9.0,4091,0.0,1.0,2.0,8.0,6.0,4174,2.0,2.0,2.0,8.0,12.0,4200,2.0,2.0,1.0,6.0,8.0
alpha_2026,19,2026_146Sm19.root,5821,1458,0.0,0.0,0.0,2.0,1.0,0,0.0,0.0,0.0,0.0,0.0,1142,1.0,2.0,0.0,1.0,0.0,1156,2.0,2.0,0.0,1.0,3.0,1408,0.0,0.0,0.0,1.0,3.0,1328,0.0,0.0,0.0,2.0,2.0,1369,0.0,0.0,0.0,3.0,3.0,1347,0.0,0.0,0.0,2.0,5.0
alpha_2026,20,2026_146Sm20.root,6544,1704,0.0,0.0,0.0,3.0,6.0,0,0.0,0.0,0.0,0.0,0.0,1253,1.0,1.0,0.0,2.0,4.0,1266,1.0,1.0,0.0,4.0,2.0,1567,0.0,1.0,0.0,4.0,5.0,1495,0.0,3.0,0.0,4.0,5.0,1544,1.0,0.0,0.0,1.0,3.0,1515,1.0,0.0,0.0,2.0,3.0
alpha_2026,21,2026_146Sm21.root,539,144,1.0,0.0,0.0,0.0,0.0,0,0.0,0.0,0.0,0.0,0.0,108,0.0,0.0,0.0,0.0,0.0,111,0.0,0.0,0.0,0.0,0.0,148,0.0,0.0,0.0,0.0,0.0,141,0.0,0.0,0.0,0.0,0.0,120,0.0,0.0,0.0,0.0,1.0,117,0.0,0.0,0.0,0.0,1.0
alpha_2026,22,2026_146Sm22.root,7012,1765,1.0,0.0,0.0,6.0,4.0,0,0.0,0.0,0.0,0.0,0.0,1443,0.0,3.0,1.0,2.0,5.0,1456,0.0,3.0,0.0,3.0,5.0,1674,0.0,1.0,1.0,0.0,1.0,1594,0.0,2.0,0.0,1.0,1.0,1703,0.0,0.0,0.0,8.0,3.0,1667,0.0,0.0,0.0,6.0,4.0
alpha_2026,23,2026_146Sm23.root,56460,2926,1.0,0.0,1.0,5.0,5.0,0,0.0,0.0,0.0,0.0,0.0,2391,2.0,4.0,2.0,5.0,9.0,2418,2.0,2.0,2.0,5.0,4.0,2836,0.0,0.0,2.0,6.0,2.0,2726,1.0,0.0,1.0,4.0,2.0,2581,2.0,0.0,0.0,6.0,5.0,2534,0.0,0.0,0.0,2.0,5.0
alpha_2026,24,2026_146Sm24.root,8623,1831,0.0,0.0,0.0,2.0,3.0,0,0.0,0.0,0.0,0.0,0.0,1253,0.0,5.0,0.0,2.0,3.0,1270,0.0,5.0,0.0,3.0,1.0,1813,0.0,0.0,0.0,2.0,2.0,1707,0.0,0.0,0.0,2.0,2.0,1499,0.0,0.0,0.0,2.0,4.0,1492,0.0,0.0,0.0,3.0,2.0
alpha_2026,25,2026_146Sm25.root,7177,1844,0.0,1.0,0.0,9.0,0.0,0,0.0,0.0,0.0,0.0,0.0,1353,0.0,1.0,1.0,5.0,8.0,1381,0.0,4.0,0.0,5.0,10.0,1719,0.0,1.0,0.0,1.0,7.0,1630,1.0,1.0,0.0,2.0,1.0,1757,0.0,0.0,2.0,4.0,2.0,1753,0.0,0.0,0.0,1.0,4.0
alpha_2026,26,2026_146Sm26.root,9907,2461,1.0,1.0,0.0,3.0,5.0,0,0.0,0.0,0.0,0.0,0.0,2079,0.0,5.0,0.0,5.0,6.0,2086,0.0,4.0,0.0,5.0,6.0,2390,0.0,0.0,2.0,3.0,3.0,2263,0.0,0.0,2.0,5.0,1.0,2259,0.0,0.0,0.0,2.0,4.0,2252,0.0,0.0,0.0,3.0,3.0
alpha_2026,27,2026_146Sm27.root,17820,4967,3.0,4.0,1.0,10.0,9.0,0,0.0,0.0,0.0,0.0,0.0,2776,0.0,2.0,0.0,10.0,12.0,3098,0.0,3.0,1.0,3.0,14.0,3682,1.0,3.0,0.0,3.0,3.0,3534,1.0,2.0,0.0,3.0,5.0,4589,0.0,0.0,2.0,7.0,6.0,4502,1.0,0.0,1.0,7.0,3.0
alpha_2026,28,2026_146Sm28.root,10803,2967,1.0,1.0,0.0,0.0,3.0,0,0.0,0.0,0.0,0.0,0.0,1699,0.0,3.0,1.0,9.0,6.0,1886,0.0,2.0,2.0,11.0,5.0,2259,2.0,1.0,1.0,2.0,8.0,2190,2.0,0.0,2.0,3.0,2.0,2691,0.0,0.0,0.0,5.0,8.0,2655,0.0,0.0,0.0,7.0,4.0
alpha_2026,29,2026_146Sm29.root,6333,1750,0.0,0.0,0.0,1.0,3.0,0,0.0,0.0,0.0,0.0,0.0,1013,1.0,1.0,0.0,0.0,2.0,1130,0.0,1.0,0.0,2.0,1.0,1352,0.0,3.0,0.0,5.0,6.0,1299,0.0,2.0,0.0,4.0,4.0,1612,0.0,0.0,0.0,3.0,4.0,1620,0.0,0.0,0.0,2.0,0.0
alpha_2026,32,2026_146Sm32.root,300,58,0.0,0.0,0.0,1.0,0.0,0,0.0,0.0,0.0,0.0,0.0,36,0.0,0.0,0.0,0.0,0.0,34,0.0,0.0,0.0,1.0,0.0,33,0.0,0.0,0.0,0.0,0.0,34,0.0,0.0,0.0,0.0,0.0,69,0.0,0.0,0.0,0.0,0.0,64,0.0,0.0,0.0,0.0,0.0
alpha_2026,34,2026_146Sm34.root,1155,303,0.0,0.0,1.0,2.0,4.0,0,0.0,0.0,0.0,0.0,0.0,171,0.0,1.0,1.0,4.0,4.0,178,1.0,1.0,0.0,1.0,2.0,225,1.0,0.0,1.0,5.0,3.0,213,1.0,0.0,0.0,4.0,3.0,246,2.0,0.0,0.0,5.0,4.0,236,2.0,1.0,0.0,4.0,4.0
alpha_2026,35,2026_146Sm35.root,3876,748,0.0,0.0,3.0,11.0,9.0,0,0.0,0.0,0.0,0.0,0.0,509,1.0,1.0,0.0,8.0,12.0,521,2.0,1.0,2.0,9.0,8.0,603,2.0,0.0,3.0,2.0,8.0,576,2.0,2.0,1.0,2.0,3.0,671,1.0,0.0,1.0,3.0,6.0,624,1.0,0.0,1.0,6.0,7.0
alpha_2026,36,2026_146Sm36.root,3248,738,4.0,0.0,1.0,5.0,19.0,0,0.0,0.0,0.0,0.0,0.0,546,0.0,2.0,1.0,13.0,19.0,555,0.0,1.0,1.0,12.0,9.0,712,2.0,0.0,1.0,9.0,15.0,673,1.0,0.0,1.0,8.0,11.0,665,2.0,1.0,1.0,5.0,7.0,610,1.0,1.0,1.0,8.0,6.0
alpha_2026,37,2026_146Sm37.root,41,21,0.0,0.0,0.0,1.0,0.0,0,0.0,0.0,0.0,0.0,0.0,4,0.0,0.0,0.0,0.0,0.0,3,0.0,0.0,0.0,0.0,1.0,3,0.0,0.0,0.0,0.0,0.0,3,0.0,0.0,0.0,0.0,0.0,5,0.0,0.0,0.0,0.0,0.0,5,0.0,0.0,0.0,0.0,0.0
alpha_2026,46,2026_146Sm46.root,268755,0,0.0,0.0,0.0,0.0,0.0,0,0.0,0.0,0.0,0.0,0.0,0,0.0,0.0,0.0,0.0,0.0,0,0.0,0.0,0.0,0.0,0.0,0,0.0,0.0,0.0,0.0,0.0,0,0.0,0.0,0.0,0.0,0.0,0,0.0,0.0,0.0,0.0,0.0,0,0.0,0.0,0.0,0.0,0.0
alpha_2026,85,2026_146Sm85.root,99305,0,0.0,0.0,0.0,0.0,0.0,0,0.0,0.0,0.0,0.0,0.0,0,0.0,0.0,0.0,0.0,0.0,0,0.0,0.0,0.0,0.0,0.0,0,0.0,0.0,0.0,0.0,0.0,0,0.0,0.0,0.0,0.0,0.0,0,0.0,0.0,0.0,0.0,0.0,0,0.0,0.0,0.0,0.0,0.0
alpha_2026,86,2026_146Sm86.root,103964,0,0.0,0.0,0.0,0.0,0.0,0,0.0,0.0,0.0,0.0,0.0,0,0.0,0.0,0.0,0.0,0.0,0,0.0,0.0,0.0,0.0,0.0,0,0.0,0.0,0.0,0.0,0.0,0,0.0,0.0,0.0,0.0,0.0,0,0.0,0.0,0.0,0.0,0.0,0,0.0,0.0,0.0,0.0,0.0
alpha_2026,87,2026_146Sm87.root,252352,0,0.0,0.0,0.0,0.0,0.0,0,0.0,0.0,0.0,0.0,0.0,0,0.0,0.0,0.0,0.0,0.0,0,0.0,0.0,0.0,0.0,0.0,0,0.0,0.0,0.0,0.0,0.0,0,0.0,0.0,0.0,0.0,0.0,0,0.0,0.0,0.0,0.0,0.0,0,0.0,0.0,0.0,0.0,0.0
alpha_2026,88,2026_146Sm88.root,114941,0,0.0,0.0,0.0,0.0,0.0,0,0.0,0.0,0.0,0.0,0.0,0,0.0,0.0,0.0,0.0,0.0,0,0.0,0.0,0.0,0.0,0.0,0,0.0,0.0,0.0,0.0,0.0,0,0.0,0.0,0.0,0.0,0.0,0,0.0,0.0,0.0,0.0,0.0,0,0.0,0.0,0.0,0.0,0.0
alpha_2026,89,2026_146Sm89.root,122602,0,0.0,0.0,0.0,0.0,0.0,0,0.0,0.0,0.0,0.0,0.0,0,0.0,0.0,0.0,0.0,0.0,0,0.0,0.0,0.0,0.0,0.0,0,0.0,0.0,0.0,0.0,0.0,0,0.0,0.0,0.0,0.0,0.0,0,0.0,0.0,0.0,0.0,0.0,0,0.0,0.0,0.0,0.0,0.0
alpha_2026,90,2026_146Sm90.root,75951,0,0.0,0.0,0.0,0.0,0.0,0,0.0,0.0,0.0,0.0,0.0,0,0.0,0.0,0.0,0.0,0.0,0,0.0,0.0,0.0,0.0,0.0,0,0.0,0.0,0.0,0.0,0.0,0,0.0,0.0,0.0,0.0,0.0,0,0.0,0.0,0.0,0.0,0.0,0,0.0,0.0,0.0,0.0,0.0
alpha_2026,500,2026_146Sm500.root,700055,155680,20.0,9.0,24.0,36474.0,58551.0,0,0.0,0.0,0.0,0.0,0.0,156791,12.0,6.0,13.0,36084.0,50163.0,142964,34.0,26.0,21.0,34567.0,53804.0,175512,42.0,21.0,61.0,41684.0,67198.0,170315,15.0,6.0,14.0,41569.0,68677.0,170404,7.0,6.0,30.0,39163.0,55848.0,173849,9.0,12.0,19.0,41626.0,64282.0
alpha_2026,600,2026_146Sm600.root,106999,15794,6.0,6.0,2.0,35.0,26.0,0,0.0,0.0,0.0,0.0,0.0,11295,2.0,20.0,4.0,29.0,43.0,11709,2.0,21.0,3.0,24.0,40.0,14114,1.0,5.0,5.0,15.0,18.0,13454,3.0,5.0,3.0,17.0,12.0,14388,2.0,0.0,4.0,29.0,24.0,14200,1.0,0.0,1.0,22.0,21.0
alpha_2026,700,2026_146Sm700.root,8620,1868,4.0,0.0,5.0,20.0,32.0,0,0.0,0.0,0.0,0.0,0.0,1266,1.0,4.0,2.0,25.0,35.0,1291,3.0,3.0,3.0,23.0,20.0,1576,5.0,0.0,5.0,16.0,26.0,1499,4.0,2.0,2.0,14.0,17.0,1656,5.0,1.0,2.0,13.0,17.0,1539,4.0,2.0,2.0,18.0,17.0
