source,run,file,size_kb,daq_time_raw,n_branches,n_entries,branch_prefix
alpha_2026,1,2026_146Sm1.root,21735.4,2009-01-05 04:27:42,128,158823,adc0ch...
alpha_2026,10,2026_146Sm10.root,0.4,,0,0,
alpha_2026,105,2026_146Sm105.root,14.2,2009-01-01 05:33:59,4,463,adc4ch...
alpha_2026,106,2026_146Sm106.root,2684.7,2009-01-01 05:34:54,4,385831,adc4ch...
alpha_2026,107,2026_146Sm107.root,378.0,2009-01-01 05:36:12,4,99396,adc4ch...
alpha_2026,108,2026_146Sm108.root,50.7,2009-01-01 05:36:44,4,9754,adc4ch...
alpha_2026,109,2026_146Sm109.root,41.5,2009-01-01 05:38:25,4,7515,adc4ch...
alpha_2026,11,2026_146Sm11.root,0.4,,0,0,
alpha_2026,110,2026_146Sm110.root,42.6,2009-01-01 05:38:39,4,7787,adc4ch...
alpha_2026,111,2026_146Sm111.root,44.0,2009-01-01 06:08:43,4,8052,adc4ch...
alpha_2026,12,2026_146Sm12.root,1271.1,2009-01-01 01:02:52,144,8912,adc0ch...
alpha_2026,13,2026_146Sm13.root,1524.4,2009-01-01 01:03:36,144,9798,adc0ch...
alpha_2026,14,2026_146Sm14.root,2549.8,2009-01-05 20:23:31,144,16972,adc0ch...
alpha_2026,15,2026_146Sm15.root,673.0,2009-01-05 20:24:13,144,3934,adc0ch...
alpha_2026,17,2026_146Sm17.root,3566.9,2009-01-05 20:24:53,144,23991,adc0ch...
alpha_2026,18,2026_146Sm18.root,2675.2,2009-01-22 19:57:56,144,17987,adc0ch...
alpha_2026,19,2026_146Sm19.root,935.3,2009-01-22 19:58:27,144,5821,adc0ch...
alpha_2026,2,2026_146Sm2.root,24546.6,2009-01-05 04:28:40,128,182988,adc0ch...
alpha_2026,20,2026_146Sm20.root,1058.8,2009-01-22 19:58:58,144,6544,adc0ch...
alpha_2026,21,2026_146Sm21.root,180.7,2009-01-22 19:59:24,144,539,adc0ch...
alpha_2026,22,2026_146Sm22.root,1106.8,2009-01-22 20:00:14,144,7012,adc0ch...
alpha_2026,23,2026_146Sm23.root,8359.1,2009-01-22 20:00:53,144,56460,adc0ch...
alpha_2026,24,2026_146Sm24.root,1345.9,2009-01-22 20:01:26,144,8623,adc0ch...
alpha_2026,25,2026_146Sm25.root,1121.2,2009-01-22 20:02:06,144,7177,adc0ch...
alpha_2026,26,2026_146Sm26.root,1542.7,2009-01-22 20:02:59,144,9907,adc0ch...
alpha_2026,27,2026_146Sm27.root,2694.7,2009-01-22 20:04:04,144,17820,adc0ch...
alpha_2026,28,2026_146Sm28.root,1694.0,2009-01-22 20:04:56,144,10803,adc0ch...
alpha_2026,29,2026_146Sm29.root,1033.0,2009-01-04 23:36:21,144,6333,adc0ch...
alpha_2026,3,2026_146Sm3.root,23413.1,2009-01-05 04:48:00,128,169704,adc0ch...
alpha_2026,32,2026_146Sm32.root,147.5,2009-01-04 23:36:54,144,300,adc0ch...
alpha_2026,34,2026_146Sm34.root,282.5,2009-01-04 23:37:31,144,1155,adc0ch...
alpha_2026,35,2026_146Sm35.root,673.8,2009-01-04 23:38:17,144,3876,adc0ch...
alpha_2026,36,2026_146Sm36.root,615.5,2009-01-13 01:08:29,144,3248,adc0ch...
alpha_2026,37,2026_146Sm37.root,101.9,2009-01-13 01:07:29,144,41,adc0ch...
alpha_2026,4,2026_146Sm4.root,27036.3,2009-01-05 04:48:50,128,188540,adc0ch...
alpha_2026,46,2026_146Sm46.root,12990.8,2009-01-13 04:48:14,144,268755,adc0ch...
alpha_2026,5,2026_146Sm5.root,3661.8,2009-01-05 04:49:55,128,25678,adc0ch...
alpha_2026,500,2026_146Sm500.root,96484.7,2026-04-15 22:06:24,128,700055,adc0ch...
alpha_2026,6,2026_146Sm6.root,424671.4,2009-01-01 00:57:07,128,3247107,adc0ch...
alpha_2026,600,2026_146Sm600.root,15651.8,2026-06-07 14:05:24,144,106999,adc0ch...
alpha_2026,62,2026_146Sm62.root,349.1,2009-01-15 05:10:53,4,97954,adc4ch...
alpha_2026,7,2026_146Sm7.root,1014.4,2009-01-01 00:57:58,128,6943,adc0ch...
alpha_2026,700,2026_146Sm700.root,1475.7,2026-06-09 14:00:26,144,8620,adc0ch...
alpha_2026,71,2026_146Sm71.root,22.1,2009-01-16 05:11:58,4,1637,adc4ch...
alpha_2026,72,2026_146Sm72.root,44.6,2009-01-18 06:57:44,4,7924,adc4ch...
alpha_2026,75,2026_146Sm75.root,44.6,2009-01-19 01:03:26,4,10625,adc4ch...
alpha_2026,8,2026_146Sm8.root,0.4,,0,0,
alpha_2026,85,2026_146Sm85.root,4795.8,2009-01-19 04:16:12,36,99305,adc0ch...
alpha_2026,86,2026_146Sm86.root,4906.6,2009-01-19 04:16:43,36,103964,adc0ch...
alpha_2026,87,2026_146Sm87.root,11786.7,2009-01-19 04:17:23,36,252352,adc0ch...
alpha_2026,88,2026_146Sm88.root,5377.0,2009-01-19 04:18:00,36,114941,adc0ch...
alpha_2026,89,2026_146Sm89.root,5725.3,2009-01-19 04:18:54,36,122602,adc0ch...
alpha_2026,9,2026_146Sm9.root,2103.9,2009-01-01 00:59:34,144,14490,adc0ch...
alpha_2026,90,2026_146Sm90.root,3551.9,2009-01-19 04:19:40,36,75951,adc0ch...
alpha_2025,10,2025_146Sm10.root,33884.7,2009-01-19 03:20:54,128,204667,adc0ch...
alpha_2025,100,2025_146Sm100.root,124.0,2009-03-03 17:40:22,128,265,adc0ch...
alpha_2025,101,2025_146Sm101.root,92.7,2009-03-03 17:40:33,128,42,adc0ch...
alpha_2025,106,2025_146Sm106.root,40816.9,2009-03-03 17:41:09,128,320720,adc0ch...
alpha_2025,110,2025_146Sm110.root,101427.1,2009-03-03 17:41:56,128,588468,adc0ch...
alpha_2025,111,2025_146Sm111.root,23296.7,2009-03-03 17:44:36,128,171606,adc0ch...
alpha_2025,113,2025_146Sm113.root,21534.5,2009-03-04 18:43:55,128,158759,adc0ch...
alpha_2025,115,2025_146Sm115.root,20316.3,2009-03-05 17:37:35,128,149838,adc0ch...
alpha_2025,116,2025_146Sm116.root,410966.1,2009-03-17 21:29:46,128,3239267,adc0ch...
alpha_2025,120,2025_146Sm120.root,32044.7,2009-03-17 21:30:15,128,235436,adc0ch...
alpha_2025,121,2025_146Sm121.root,16035.1,2009-03-17 21:30:43,128,118013,adc0ch...
alpha_2025,123,2025_146Sm123.root,14214.2,2009-03-17 21:31:13,128,104443,adc0ch...
alpha_2025,124,2025_146Sm124.root,132245.1,2009-03-17 21:32:13,128,1033628,adc0ch...
alpha_2025,127,2025_146Sm127.root,11504.6,2009-03-17 21:32:33,128,84562,adc0ch...
alpha_2025,128,2025_146Sm128.root,11434.3,2009-03-17 21:32:47,128,84066,adc0ch...
alpha_2025,129,2025_146Sm129.root,10733.1,2009-03-17 21:32:59,128,78799,adc0ch...
alpha_2025,131,2025_146Sm131.root,11257.5,2009-03-17 21:33:13,128,82764,adc0ch...
alpha_2025,132,2025_146Sm132.root,10749.2,2009-03-17 21:33:29,128,79131,adc0ch...
alpha_2025,133,2025_146Sm133.root,10485.2,2009-03-17 21:33:42,128,77062,adc0ch...
alpha_2025,134,2025_146Sm134.root,9560.7,2009-03-17 21:33:54,128,69942,adc0ch...
alpha_2025,135,2025_146Sm135.root,9079.2,2009-03-24 22:47:32,128,66290,adc0ch...
alpha_2025,137,2025_146Sm137.root,9920.2,2009-03-24 22:47:55,128,73460,adc0ch...
alpha_2025,138,2025_146Sm138.root,13400.5,2009-03-24 22:48:16,128,99418,adc0ch...
alpha_2025,139,2025_146Sm139.root,11079.8,2009-03-24 22:48:32,128,81787,adc0ch...
alpha_2025,140,2025_146Sm140.root,9403.4,2009-03-24 22:48:54,128,68837,adc0ch...
alpha_2025,146,2025_146Sm146.root,11156.6,2009-03-30 18:51:09,128,79751,adc0ch...
alpha_2025,147,2025_146Sm147.root,11038.7,2009-03-30 18:51:24,128,79446,adc0ch...
alpha_2025,148,2025_146Sm148.root,8413.4,2009-03-30 18:51:38,128,61246,adc0ch...
alpha_2025,149,2025_146Sm149.root,7518.6,2009-03-30 18:51:49,128,54864,adc0ch...
alpha_2025,150,2025_146Sm150.root,8002.7,2009-03-30 18:52:01,128,58479,adc0ch...
alpha_2025,151,2025_146Sm151.root,8944.7,2009-04-06 20:24:03,128,60113,adc0ch...
alpha_2025,152,2025_146Sm152.root,7672.9,2009-04-06 20:24:17,128,55712,adc0ch...
alpha_2025,153,2025_146Sm153.root,8037.5,2009-04-06 20:24:35,128,58323,adc0ch...
alpha_2025,154,2025_146Sm154.root,8367.4,2009-04-06 20:24:48,128,60962,adc0ch...
alpha_2025,155,2025_146Sm155.root,8562.4,2009-04-06 20:25:01,128,62179,adc0ch...
alpha_2025,156,2025_146Sm156.root,120801.6,2009-04-06 20:25:55,128,960349,adc0ch...
alpha_2025,159,2025_146Sm159.root,11213.1,2009-04-06 20:26:59,128,83023,adc0ch...
alpha_2025,160,2025_146Sm160.root,8842.5,2009-04-13 22:33:35,128,64500,adc0ch...
alpha_2025,162,2025_146Sm162.root,7117.3,2009-04-13 22:33:48,128,51787,adc0ch...
alpha_2025,163,2025_146Sm163.root,8339.3,2009-04-13 22:33:59,128,61095,adc0ch...
alpha_2025,166,2025_146Sm166.root,6794.3,2009-04-13 22:34:13,128,48446,adc0ch...
alpha_2025,167,2025_146Sm167.root,8635.6,2009-04-13 22:34:23,128,62505,adc0ch...
alpha_2025,168,2025_146Sm168.root,6768.7,2009-04-13 22:34:32,128,48027,adc0ch...
alpha_2025,169,2025_146Sm169.root,7173.3,2009-04-13 22:35:21,128,51729,adc0ch...
alpha_2025,170,2025_146Sm170.root,7092.2,2009-04-19 20:46:30,128,51098,adc0ch...
alpha_2025,171,2025_146Sm171.root,7335.9,2009-04-19 20:46:44,128,52449,adc0ch...
alpha_2025,172,2025_146Sm172.root,6849.6,2009-04-19 20:46:57,128,49051,adc0ch...
alpha_2025,174,2025_146Sm174.root,7484.0,2009-04-19 20:47:10,128,53607,adc0ch...
alpha_2025,175,2025_146Sm175.root,6178.2,2009-04-19 20:47:22,128,52049,adc0ch...
alpha_2025,176,2025_146Sm176.root,7337.7,2009-01-01 18:06:10,128,52663,adc0ch...
alpha_2025,177,2025_146Sm177.root,4477.1,2009-01-01 18:06:26,128,31861,adc0ch...
alpha_2025,178,2025_146Sm178.root,2350.0,2009-01-01 18:07:22,128,16458,adc0ch...
alpha_2025,179,2025_146Sm179.root,3327.3,2009-01-10 23:54:33,128,23835,adc0ch...
alpha_2025,18,2025_146Sm18.root,15507.7,2009-01-19 03:20:26,128,92407,adc0ch...
alpha_2025,180,2025_146Sm180.root,3480.3,2009-01-04 22:07:05,128,24986,adc0ch...
alpha_2025,181,2025_146Sm181.root,4009.0,2009-01-10 23:55:14,128,28544,adc0ch...
alpha_2025,182,2025_146Sm182.root,1630.8,2009-01-10 23:55:30,128,11239,adc0ch...
alpha_2025,183,2025_146Sm183.root,5536.9,2009-01-10 23:55:52,128,39437,adc0ch...
alpha_2025,184,2025_146Sm184.root,2737.3,2009-01-10 23:56:07,128,19131,adc0ch...
alpha_2025,185,2025_146Sm185.root,4818.7,2009-01-10 23:56:19,128,35083,adc0ch...
alpha_2025,186,2025_146Sm186.root,88.7,2009-01-10 23:56:37,128,24,adc0ch...
alpha_2025,187,2025_146Sm187.root,1382.7,2009-01-10 23:56:58,128,9202,adc0ch...
alpha_2025,188,2025_146Sm188.root,5550.0,2009-01-10 23:57:25,128,40644,adc0ch...
alpha_2025,189,2025_146Sm189.root,2359.7,2009-01-01 00:47:30,128,16692,adc0ch...
alpha_2025,19,2025_146Sm19.root,27934.1,2009-01-19 03:19:57,128,162745,adc0ch...
alpha_2025,195,2025_146Sm195.root,2545.6,2009-01-14 03:58:34,128,24420,adc0ch...
alpha_2025,196,2025_146Sm196.root,5710.7,2009-01-14 04:00:02,128,50302,adc0ch...
alpha_2025,234,2025_146Sm234.root,3720.7,2009-01-14 04:08:49,128,27214,adc0ch...
alpha_2025,235,2025_146Sm235.root,6319.9,2009-01-14 04:09:34,128,47025,adc0ch...
alpha_2025,236,2025_146Sm236.root,0.4,,0,0,
alpha_2025,237,2025_146Sm237.root,3338.1,2009-01-15 03:15:54,128,24422,adc0ch...
alpha_2025,238,2025_146Sm238.root,3111.0,2009-01-18 04:37:17,128,22825,adc0ch...
alpha_2025,239,2025_146Sm239.root,7128.2,2009-01-18 04:37:50,128,53446,adc0ch...
alpha_2025,24,2025_146Sm24.root,21386.8,2009-01-19 03:19:27,128,150052,adc0ch...
alpha_2025,240,2025_146Sm240.root,3284.9,2009-01-22 05:43:24,128,24004,adc0ch...
alpha_2025,241,2025_146Sm241.root,9716.4,2009-01-22 05:43:56,128,73104,adc0ch...
alpha_2025,242,2025_146Sm242.root,7414.4,2009-01-07 23:44:02,128,70272,adc0ch...
alpha_2025,243,2025_146Sm243.root,9982.1,2009-01-07 23:44:36,128,101036,adc0ch...
alpha_2025,244,2025_146Sm244.root,1714.0,2009-01-07 23:45:01,128,12141,adc0ch...
alpha_2025,245,2025_146Sm245.root,4607.9,2009-01-07 23:45:32,128,34171,adc0ch...
alpha_2025,246,2025_146Sm246.root,9201.6,2009-01-07 23:47:07,128,75002,adc0ch...
alpha_2025,247,2025_146Sm247.root,1591.0,2009-01-07 23:47:29,128,15054,adc0ch...
alpha_2025,248,2025_146Sm248.root,1846.1,2009-01-07 23:48:59,128,13755,adc0ch...
alpha_2025,250,2025_146Sm250.root,4118.7,2009-01-07 23:49:54,128,41142,adc0ch...
alpha_2025,251,2025_146Sm251.root,1550.3,2009-01-07 23:50:25,128,14885,adc0ch...
alpha_2025,252,2025_146Sm252.root,2479.6,2009-01-07 23:50:42,128,17824,adc0ch...
alpha_2025,253,2025_146Sm253.root,1636.8,2009-01-07 23:51:41,128,11521,adc0ch...
alpha_2025,254,2025_146Sm254.root,0.4,,0,0,
alpha_2025,256,2025_146Sm256.root,334.5,2009-01-07 23:52:38,128,1756,adc0ch...
alpha_2025,257,2025_146Sm257.root,105.2,2009-01-07 23:53:02,128,119,adc0ch...
alpha_2025,259,2025_146Sm259.root,369.2,2009-01-07 23:53:32,128,2013,adc0ch...
alpha_2025,26,2025_146Sm26.root,1714.5,2009-01-19 03:18:58,128,11578,adc0ch...
alpha_2025,260,2025_146Sm260.root,1131.2,2009-01-07 23:53:58,128,7721,adc0ch...
alpha_2025,261,2025_146Sm261.root,426.2,2009-01-07 23:54:53,128,2446,adc0ch...
alpha_2025,262,2025_146Sm262.root,345.7,2009-01-07 23:55:24,128,1838,adc0ch...
alpha_2025,27,2025_146Sm27.root,1765.8,2009-01-19 03:18:44,128,12129,adc0ch...
alpha_2025,28,2025_146Sm28.root,1795.0,2009-01-19 03:18:27,128,12427,adc0ch...
alpha_2025,29,2025_146Sm29.root,2264.6,2009-01-19 03:18:10,128,15425,adc0ch...
alpha_2025,30,2025_146Sm30.root,1912.4,2009-01-19 03:17:46,128,13025,adc0ch...
alpha_2025,32,2025_146Sm32.root,1822.6,2009-01-19 03:17:21,128,12200,adc0ch...
alpha_2025,33,2025_146Sm33.root,16134.6,2009-01-19 03:17:04,128,116416,adc0ch...
alpha_2025,330,2025_146Sm330.root,64757.5,2025-10-24 16:17:38,128,480203,adc0ch...
alpha_2025,350,2025_146Sm350.root,19495.8,2025-12-23 05:49:44,128,143521,adc0ch...
alpha_2025,360,2025_146Sm360.root,9072.2,2025-12-23 13:30:39,128,66562,adc0ch...
alpha_2025,370,2025_146Sm370.root,35717.0,2026-01-14 09:10:29,128,272040,adc0ch...
alpha_2025,39,2025_146Sm39.root,35717.2,2009-01-19 03:15:15,128,264905,adc0ch...
alpha_2025,40,2025_146Sm40.root,7742.9,2009-01-19 03:14:39,128,53162,adc0ch...
alpha_2025,41,2025_146Sm41.root,1593.9,2009-01-19 03:13:20,128,9957,adc0ch...
alpha_2025,460,2025_146Sm460.root,9.9,,0,0,
alpha_2025,470,2025_146Sm470.root,13.8,,0,0,
alpha_2025,480,2025_146Sm480.root,2303.5,2026-03-16 12:45:58,128,15893,adc0ch...
alpha_2025,57,2025_146Sm57.root,1929.7,2009-02-01 20:59:33,128,13308,adc0ch...
alpha_2025,58,2025_146Sm58.root,82225.2,2009-02-08 17:15:46,128,630973,adc0ch...
alpha_2025,62,2025_146Sm62.root,1931.2,2009-02-08 17:16:03,128,13778,adc0ch...
alpha_2025,63,2025_146Sm63.root,1946.5,2009-02-08 17:16:23,128,13615,adc0ch...
alpha_2025,64,2025_146Sm64.root,2277.2,2009-02-08 17:16:41,128,16081,adc0ch...
alpha_2025,66,2025_146Sm66.root,30500.5,2009-02-08 17:17:08,128,236903,adc0ch...
alpha_2025,68,2025_146Sm68.root,3534.1,2009-02-08 17:17:32,128,25525,adc0ch...
alpha_2025,69,2025_146Sm69.root,2215.3,2009-02-08 17:17:51,128,15690,adc0ch...
alpha_2025,70,2025_146Sm70.root,1540.9,2009-02-08 17:09:28,128,10528,adc0ch...
alpha_2025,71,2025_146Sm71.root,3661.6,2009-02-08 17:10:24,128,25955,adc0ch...
alpha_2025,72,2025_146Sm72.root,1958.8,2009-02-08 17:10:38,128,13161,adc0ch...
alpha_2025,77,2025_146Sm77.root,886.3,2009-02-08 16:56:29,128,5939,adc0ch...
alpha_2025,78,2025_146Sm78.root,1083.0,2009-02-18 22:03:15,128,7494,adc0ch...
alpha_2025,81,2025_146Sm81.root,73396.3,2009-02-21 01:09:43,128,565293,adc0ch...
alpha_2025,82,2025_146Sm82.root,16781.0,2009-02-19 03:26:05,128,127168,adc0ch...
alpha_2025,85,2025_146Sm85.root,6422.1,2009-02-21 01:04:39,128,47800,adc0ch...
alpha_2025,86,2025_146Sm86.root,1379.2,2009-02-21 01:04:52,128,9677,adc0ch...
alpha_2025,87,2025_146Sm87.root,284.3,2009-02-21 01:05:48,128,1489,adc0ch...
alpha_2025,88,2025_146Sm88.root,1653.2,2009-02-21 01:06:13,128,11497,adc0ch...
alpha_2025,89,2025_146Sm89.root,39394.6,2009-02-21 01:06:58,128,299559,adc0ch...
alpha_2025,90,2025_146Sm90.root,23213.4,2009-02-21 01:07:19,128,175533,adc0ch...
alpha_2025,91,2025_146Sm91.root,62983.3,2009-02-21 01:08:01,128,482864,adc0ch...
alpha_2025,92,2025_146Sm92.root,374.1,2009-02-21 01:08:18,128,2035,adc0ch...
alpha_2025,93,2025_146Sm93.root,156.2,2009-02-21 01:08:34,128,460,adc0ch...
alpha_2025,94,2025_146Sm94.root,2132.5,2009-02-23 01:18:25,128,15129,adc0ch...
alpha_2025,95,2025_146Sm95.root,1453.7,2009-02-23 01:18:40,128,9980,adc0ch...
alpha_2025,96,2025_146Sm96.root,1615.1,2009-03-03 17:39:07,128,10584,adc0ch...
alpha_2025,97,2025_146Sm97.root,1566.4,2009-03-03 17:39:31,128,10187,adc0ch...
alpha_2025,98,2025_146Sm98.root,146.2,2009-03-03 17:39:47,128,339,adc0ch...
alpha_2025,99,2025_146Sm99.root,196.6,2009-03-03 17:40:07,128,547,adc0ch...
alpha_2024,1,146Sm1.root,516.6,2024-03-13 13:59:09,128,3000,adc0ch...
alpha_2024,10,146Sm10.root,143013.4,2024-03-13 10:23:48,128,1004744,adc0ch...
alpha_2024,100,146Sm100.root,8051.0,2024-06-17 15:49:57,128,59282,adc0ch...
alpha_2024,101,146Sm101.root,272.9,2024-06-17 15:50:07,128,1289,adc0ch...
alpha_2024,102,146Sm102.root,4887.9,2024-06-17 15:50:21,128,35855,adc0ch...
alpha_2024,103,146Sm103.root,693.5,2024-06-17 15:50:34,128,4405,adc0ch...
alpha_2024,104,146Sm104.root,17511.6,2024-06-17 15:51:08,128,140035,adc0ch...
alpha_2024,105,146Sm105.root,2144.1,2024-07-04 05:36:49,128,15176,adc0ch...
alpha_2024,106,146Sm106.root,2180.9,2024-06-17 15:51:39,128,15480,adc0ch...
alpha_2024,107,146Sm107.root,2749.7,2024-06-24 12:32:20,128,25468,adc0ch...
alpha_2024,108,146Sm108.root,645.2,2024-06-24 12:32:35,128,4022,adc0ch...
alpha_2024,109,146Sm109.root,2104.5,2024-06-24 12:32:54,128,14668,adc0ch...
alpha_2024,11,146Sm11.root,163456.9,2024-03-13 10:46:45,128,1039307,adc0ch...
alpha_2024,110,146Sm110.root,1569.8,2024-06-24 12:33:10,128,10632,adc0ch...
alpha_2024,111,146Sm111.root,1526.8,2024-06-24 12:33:26,128,9421,adc0ch...
alpha_2024,112,146Sm112.root,753.3,2024-06-24 12:33:41,128,4806,adc0ch...
alpha_2024,113,146Sm113.root,1603.9,2024-06-24 12:33:56,128,11056,adc0ch...
alpha_2024,114,146Sm114.root,432.9,2024-06-24 12:34:12,128,2475,adc0ch...
alpha_2024,115,146Sm115.root,4098.6,2024-06-24 12:34:34,128,29681,adc0ch...
alpha_2024,116,146Sm116.root,1416.3,2024-06-24 12:34:48,128,9676,adc0ch...
alpha_2024,117,146Sm117.root,20974.0,2024-06-26 14:51:25,128,154483,adc0ch...
alpha_2024,118,146Sm118.root,14649.6,2024-06-26 14:51:42,128,107556,adc0ch...
alpha_2024,119,146Sm119.root,4161.8,2024-06-26 14:52:06,128,28350,adc0ch...
alpha_2024,12,146Sm12.root,182030.4,2024-03-13 11:05:40,128,1110696,adc0ch...
alpha_2024,120,146Sm120.root,17285.2,2024-06-26 14:52:23,128,125268,adc0ch...
alpha_2024,121,146Sm121.root,24681.1,2024-06-26 15:01:19,128,182216,adc0ch...
alpha_2024,122,146Sm122.root,1098.5,2024-07-16 12:22:42,128,7212,adc0ch...
alpha_2024,123,146Sm123.root,306.5,2024-07-16 12:22:57,128,1532,adc0ch...
alpha_2024,124,146Sm124.root,1865.4,2024-07-16 12:23:14,128,13083,adc0ch...
alpha_2024,125,146Sm125.root,367.5,2024-07-16 12:23:27,128,2001,adc0ch...
alpha_2024,126,146Sm126.root,4239.3,2024-07-16 12:23:45,128,30506,adc0ch...
alpha_2024,127,146Sm127.root,1390.0,2024-07-16 12:24:00,128,9425,adc0ch...
alpha_2024,128,146Sm128.root,144.8,2024-07-16 12:24:13,128,386,adc0ch...
alpha_2024,129,146Sm129.root,2008.8,2024-07-16 12:24:29,128,14249,adc0ch...
alpha_2024,13,146Sm13.root,147678.7,2024-03-13 12:24:10,128,915843,adc0ch...
alpha_2024,130,146Sm130.root,1893.9,2024-07-16 12:24:42,128,13293,adc0ch...
alpha_2024,131,146Sm131.root,1358.9,2024-07-16 12:24:53,128,9266,adc0ch...
alpha_2024,132,146Sm132.root,2135.7,2024-07-05 08:09:34,128,15126,adc0ch...
alpha_2024,133,146Sm133.root,4253.0,2024-07-16 12:25:28,128,30574,adc0ch...
alpha_2024,134,146Sm134.root,1387.0,2024-07-16 12:25:41,128,9358,adc0ch...
alpha_2024,135,146Sm135.root,4477.8,2024-07-16 12:25:53,128,33021,adc0ch...
alpha_2024,136,146Sm136.root,2375.4,2024-07-16 12:26:03,128,16958,adc0ch...
alpha_2024,137,146Sm137.root,1478.9,2024-07-16 12:26:15,128,10188,adc0ch...
alpha_2024,138,146Sm138.root,5428.4,2024-07-16 12:26:28,128,38558,adc0ch...
alpha_2024,139,146Sm139.root,347.7,2024-07-16 12:26:41,128,1763,adc0ch...
alpha_2024,140,146Sm140.root,2378.4,2024-07-16 12:26:53,128,16464,adc0ch...
alpha_2024,141,146Sm141.root,2033.5,2009-01-01 00:12:12,128,13965,adc0ch...
alpha_2024,142,146Sm142.root,2045.4,2009-01-01 00:12:31,128,13976,adc0ch...
alpha_2024,143,146Sm143.root,1712.3,2009-01-01 00:13:14,128,11486,adc0ch...
alpha_2024,144,146Sm144.root,5276.8,2009-01-01 00:13:34,128,38009,adc0ch...
alpha_2024,145,146Sm145.root,2593.8,2024-07-23 13:02:51,128,18078,adc0ch...
alpha_2024,146,146Sm146.root,3728.1,2024-07-24 12:13:17,128,27003,adc0ch...
alpha_2024,147,146Sm147.root,2669.1,2009-01-01 00:13:48,128,19184,adc0ch...
alpha_2024,148,146Sm148.root,2282.9,2009-01-02 06:58:05,128,15855,adc0ch...
alpha_2024,149,146Sm149.root,2930.8,2009-01-03 23:01:55,128,20242,adc0ch...
alpha_2024,15,146Sm15.root,2669.9,2024-03-14 09:34:25,128,17175,adc0ch...
alpha_2024,150,146Sm150.root,1758.9,2009-01-04 23:17:25,128,11962,adc0ch...
alpha_2024,151,146Sm151.root,1809.9,2009-01-05 23:23:04,128,12232,adc0ch...
alpha_2024,152,146Sm152.root,1794.9,2009-01-06 23:58:34,128,12177,adc0ch...
alpha_2024,153,146Sm153.root,1661.1,2009-01-07 22:19:57,128,11160,adc0ch...
alpha_2024,154,146Sm154.root,5474.6,2009-01-01 00:33:11,128,38230,adc0ch...
alpha_2024,155,146Sm155.root,1713.2,2009-01-01 00:33:49,128,11501,adc0ch...
alpha_2024,156,146Sm156.root,3463.1,2009-01-01 00:11:17,128,24038,adc0ch...
alpha_2024,157,146Sm157.root,3875.0,2009-01-04 00:35:11,128,26887,adc0ch...
alpha_2024,158,146Sm158.root,1759.5,2009-01-04 21:34:29,128,11790,adc0ch...
alpha_2024,159,146Sm159.root,3803.0,2009-01-06 22:31:41,128,26346,adc0ch...
alpha_2024,16,146Sm16.root,125227.6,2024-03-14 11:12:14,128,939776,adc0ch...
alpha_2024,160,146Sm160.root,2503.5,2009-01-07 23:19:16,128,17009,adc0ch...
alpha_2024,161,146Sm161.root,2333.7,2009-01-08 23:20:21,128,16124,adc0ch...
alpha_2024,162,146Sm162.root,5704.7,2009-01-11 22:22:47,128,41105,adc0ch...
alpha_2024,164,146Sm164.root,4900.8,2009-01-13 16:41:45,128,37042,adc0ch...
alpha_2024,165,146Sm165.root,137271.0,2009-01-01 21:49:16,128,1072015,adc0ch...
alpha_2024,166,146Sm166.root,4732.1,2009-01-02 07:07:05,128,36372,adc0ch...
alpha_2024,167,146Sm167.root,5600.9,2009-01-02 07:05:31,128,41346,adc0ch...
alpha_2024,168,146Sm168.root,29650.2,2009-01-02 07:07:52,128,215679,adc0ch...
alpha_2024,169,146Sm169.root,115556.1,2009-01-06 06:16:15,128,914849,adc0ch...
alpha_2024,17,146Sm17.root,115084.4,2024-03-14 11:28:47,128,881900,adc0ch...
alpha_2024,170,146Sm170.root,411274.6,2009-01-06 06:14:45,128,3233704,adc0ch...
alpha_2024,171,146Sm171.root,11279.5,2009-01-06 06:11:54,128,85276,adc0ch...
alpha_2024,173,146Sm173.root,21467.4,2009-01-05 17:06:16,128,154075,adc0ch...
alpha_2024,174,146Sm174.root,564.6,2009-01-05 20:02:42,128,3311,adc0ch...
alpha_2024,175,146Sm175.root,247.5,2009-01-05 20:03:04,128,1083,adc0ch...
alpha_2024,176,146Sm176.root,37049.9,2009-01-14 18:31:16,128,277946,adc0ch...
alpha_2024,177,146Sm177.root,4236.0,2009-01-15 22:13:47,128,30974,adc0ch...
alpha_2024,178,146Sm178.root,3507.8,2009-01-16 17:24:07,128,25557,adc0ch...
alpha_2024,179,146Sm179.root,3066.8,2009-01-17 19:06:10,128,22005,adc0ch...
alpha_2024,18,146Sm18.root,114486.2,2024-03-14 11:42:49,128,881371,adc0ch...
alpha_2024,180,146Sm180.root,6037.4,2009-01-19 17:22:37,128,43228,adc0ch...
alpha_2024,181,146Sm181.root,3707.8,2009-01-20 19:09:23,128,26276,adc0ch...
alpha_2024,182,146Sm182.root,4888.3,2009-01-22 18:14:43,128,34358,adc0ch...
alpha_2024,183,146Sm183.root,3537.5,2009-01-23 17:39:33,128,24819,adc0ch...
alpha_2024,184,146Sm184.root,12062.0,2009-01-26 17:37:27,128,87279,adc0ch...
alpha_2024,185,146Sm185.root,7189.0,2009-02-02 18:20:43,128,52798,adc0ch...
alpha_2024,186,146Sm186.root,9957.7,2009-01-30 17:13:20,128,74517,adc0ch...
alpha_2024,187,146Sm187.root,2354.6,2009-01-30 17:13:53,128,16861,adc0ch...
alpha_2024,188,146Sm188.root,7066.0,2009-02-02 18:20:27,128,51428,adc0ch...
alpha_2024,189,146Sm189.root,2584.1,2009-02-03 19:53:23,128,18306,adc0ch...
alpha_2024,19,146Sm19.root,116448.5,2024-03-14 12:01:01,128,900343,adc0ch...
alpha_2024,190,146Sm190.root,23402.6,2009-02-05 19:12:46,128,174050,adc0ch...
alpha_2024,191,146Sm191.root,5150.4,2009-02-09 17:54:37,128,37917,adc0ch...
alpha_2024,192,146Sm192.root,16193.6,2009-02-09 17:54:18,128,120661,adc0ch...
alpha_2024,193,146Sm193.root,7995.2,2009-02-11 19:10:59,128,59790,adc0ch...
alpha_2024,194,146Sm194.root,12623.9,2009-02-12 23:08:29,128,96254,adc0ch...
alpha_2024,195,146Sm195.root,3714.8,2009-02-13 20:15:51,128,26956,adc0ch...
alpha_2024,196,146Sm196.root,45728.3,2009-02-13 20:24:30,128,335163,adc0ch...
alpha_2024,197,146Sm197.root,54653.7,2009-02-13 20:33:18,128,399066,adc0ch...
alpha_2024,198,146Sm198.root,63482.8,2009-02-13 21:40:29,128,463942,adc0ch...
alpha_2024,199,146Sm199.root,42060.3,2009-02-13 21:41:24,128,306729,adc0ch...
alpha_2024,2,146Sm2.root,5769.0,2024-07-05 14:03:04,128,38274,adc0ch...
alpha_2024,20,146Sm20.root,5737.0,2024-03-28 17:28:41,128,42855,adc0ch...
alpha_2024,200,146Sm200.root,89893.4,2009-02-13 21:42:13,128,654134,adc0ch...
alpha_2024,201,146Sm201.root,131287.0,2009-02-13 21:26:53,128,954348,adc0ch...
alpha_2024,202,146Sm202.root,44951.0,2009-02-13 21:39:48,128,323852,adc0ch...
alpha_2024,203,146Sm203.root,14413.9,2009-02-16 17:20:45,128,110004,adc0ch...
alpha_2024,204,146Sm204.root,9682.6,2009-02-19 20:08:16,128,73978,adc0ch...
alpha_2024,205,146Sm205.root,3606.5,2009-02-26 19:08:32,128,27063,adc0ch...
alpha_2024,206,146Sm206.root,19271.7,2009-02-26 19:07:48,128,149422,adc0ch...
alpha_2024,207,146Sm207.root,3585.1,2009-03-04 22:51:34,128,27179,adc0ch...
alpha_2024,208,146Sm208.root,3887.6,2009-03-04 22:51:52,128,29626,adc0ch...
alpha_2024,209,146Sm209.root,9077.0,2009-03-04 22:52:10,128,68631,adc0ch...
alpha_2024,21,146Sm21.root,3675.6,2024-03-28 17:28:54,128,27128,adc0ch...
alpha_2024,210,146Sm210.root,6109.4,2009-03-06 22:58:38,128,45927,adc0ch...
alpha_2024,211,146Sm211.root,3032.7,2009-01-03 07:11:40,128,22190,adc0ch...
alpha_2024,212,146Sm212.root,544.4,2009-02-28 00:13:17,128,3347,adc0ch...
alpha_2024,213,146Sm213.root,20181.4,2009-01-09 20:57:45,128,157476,adc0ch...
alpha_2024,214,146Sm214.root,7136.1,2009-02-28 00:13:33,128,51977,adc0ch...
alpha_2024,215,146Sm215.root,5124.2,2009-01-19 18:41:33,128,36810,adc0ch...
alpha_2024,216,146Sm216.root,9413.2,2009-01-19 18:51:21,128,61415,adc0ch...
alpha_2024,217,146Sm217.root,4479.3,2009-01-19 18:51:35,128,28785,adc0ch...
alpha_2024,218,146Sm218.root,10937.6,2009-01-19 18:42:17,128,72715,adc0ch...
alpha_2024,219,146Sm219.root,6393.3,2009-01-22 19:39:29,128,44755,adc0ch...
alpha_2024,22,146Sm22.root,5793.6,2024-03-28 17:29:08,128,42626,adc0ch...
alpha_2024,220,146Sm220.root,24911.1,2009-01-26 19:50:19,128,162349,adc0ch...
alpha_2024,221,146Sm221.root,9553.6,2009-02-09 19:31:26,128,67450,adc0ch...
alpha_2024,222,146Sm222.root,5476.0,2009-02-09 19:32:02,128,39470,adc0ch...
alpha_2024,223,146Sm223.root,4164.5,2009-02-09 19:32:16,128,26816,adc0ch...
alpha_2024,224,146Sm224.root,5072.6,2009-02-09 19:32:29,128,38006,adc0ch...
alpha_2024,225,146Sm225.root,3368.1,2009-02-11 19:36:46,128,24771,adc0ch...
alpha_2024,226,146Sm226.root,26553.7,2009-02-27 23:49:15,128,201962,adc0ch...
alpha_2024,227,146Sm227.root,4692.6,2009-03-13 18:39:00,128,34893,adc0ch...
alpha_2024,228,146Sm228.root,11528.4,2009-03-13 18:39:22,128,87025,adc0ch...
alpha_2024,229,146Sm229.root,8899.5,2009-03-25 02:10:16,128,64659,adc0ch...
alpha_2024,23,146Sm23.root,5345.8,2024-03-28 17:29:21,128,38787,adc0ch...
alpha_2024,230,146Sm230.root,11783.8,2009-03-25 02:10:03,128,87944,adc0ch...
alpha_2024,231,146Sm231.root,5212.5,2009-03-25 02:09:45,128,38270,adc0ch...
alpha_2024,232,146Sm232.root,157.3,2009-03-25 01:39:02,128,441,adc0ch...
alpha_2024,233,146Sm233.root,56154.0,2009-03-31 04:17:24,128,446181,adc0ch...
alpha_2024,234,146Sm234.root,5805.8,2009-03-31 04:17:38,128,42786,adc0ch...
alpha_2024,235,146Sm235.root,4533.8,2009-04-02 18:03:29,128,33210,adc0ch...
alpha_2024,239,146Sm239.root,91.3,2009-04-10 02:21:05,128,40,adc0ch...
alpha_2024,24,146Sm24.root,4832.5,2024-03-28 17:29:34,128,34829,adc0ch...
alpha_2024,240,146Sm240.root,4815.6,2009-04-13 18:02:02,128,34499,adc0ch...
alpha_2024,243,146Sm243.root,89.5,2009-01-07 23:30:10,128,32,adc0ch...
alpha_2024,244,146Sm244.root,76.6,2009-01-07 23:30:31,128,2,adc0ch...
alpha_2024,245,146Sm245.root,154.6,2009-01-07 23:30:49,128,400,adc0ch...
alpha_2024,246,146Sm246.root,160.8,2009-01-07 23:31:02,128,415,adc0ch...
alpha_2024,247,146Sm247.root,185.7,2009-01-07 23:31:32,128,611,adc0ch...
alpha_2024,25,146Sm25.root,2841.1,2024-03-28 17:29:46,128,20291,adc0ch...
alpha_2024,26,146Sm26.root,4220.9,2024-03-28 17:29:58,128,30140,adc0ch...
alpha_2024,27,146Sm27.root,266.6,2024-03-28 17:30:09,128,1133,adc0ch...
alpha_2024,28,146Sm28.root,5269.2,2024-03-28 17:30:23,128,37782,adc0ch...
alpha_2024,29,146Sm29.root,7072.0,2024-03-28 17:30:37,128,51886,adc0ch...
alpha_2024,3,146Sm3.root,5372.8,2024-07-05 14:03:18,128,36852,adc0ch...
alpha_2024,30,146Sm30.root,7850.5,2024-03-28 17:31:00,128,58308,adc0ch...
alpha_2024,31,146Sm31.root,3962.2,2024-03-28 17:31:15,128,28899,adc0ch...
alpha_2024,32,146Sm32.root,10758.0,2024-03-28 17:31:32,128,79650,adc0ch...
alpha_2024,33,146Sm33.root,5363.2,2024-03-28 17:31:44,128,39898,adc0ch...
alpha_2024,34,146Sm34.root,9161.2,2024-03-28 17:31:59,128,67646,adc0ch...
alpha_2024,35,146Sm35.root,20176.3,2024-04-01 16:26:39,128,152410,adc0ch...
alpha_2024,36,146Sm36.root,27738.9,2024-04-12 15:02:19,128,221168,adc0ch...
alpha_2024,37,146Sm37.root,25019.7,2024-04-12 15:01:45,128,193467,adc0ch...
alpha_2024,38,146Sm38.root,39998.7,2024-04-12 15:02:44,128,310307,adc0ch...
alpha_2024,39,146Sm39.root,13677.7,2024-04-12 15:03:00,128,103709,adc0ch...
alpha_2024,4,146Sm4.root,5312.6,2024-07-05 14:03:32,128,36206,adc0ch...
alpha_2024,40,146Sm40.root,31640.8,2024-07-05 14:00:50,128,243450,adc0ch...
alpha_2024,41,146Sm41.root,35216.2,2024-04-12 14:56:24,128,265413,adc0ch...
alpha_2024,42,146Sm42.root,34574.3,2024-04-12 14:56:44,128,261621,adc0ch...
alpha_2024,43,146Sm43.root,32663.1,2024-04-12 14:57:05,128,250560,adc0ch...
alpha_2024,44,146Sm44.root,35077.5,2024-04-12 14:57:54,128,267313,adc0ch...
alpha_2024,45,146Sm45.root,2793.1,2024-04-12 14:58:06,128,25011,adc0ch...
alpha_2024,458,146Sm458.root,0.4,,0,0,
alpha_2024,46,146Sm46.root,1652.0,2024-04-17 06:47:50,128,11311,adc0ch...
alpha_2024,47,146Sm47.root,5750.7,2024-04-12 14:59:59,128,42389,adc0ch...
alpha_2024,48,146Sm48.root,3999.2,2024-04-13 17:56:48,128,28897,adc0ch...
alpha_2024,49,146Sm49.root,3813.3,2024-04-16 08:58:50,128,27421,adc0ch...
alpha_2024,5,146Sm5.root,3689.2,2024-07-05 14:03:44,128,25173,adc0ch...
alpha_2024,50,146Sm50.root,3722.2,2024-04-16 08:59:06,128,26857,adc0ch...
alpha_2024,51,146Sm51.root,4903.4,2024-04-16 08:59:22,128,35810,adc0ch...
alpha_2024,52,146Sm52.root,1979.2,2024-04-16 16:55:27,128,13942,adc0ch...
alpha_2024,53,146Sm53.root,4679.3,2024-04-17 15:57:14,128,33359,adc0ch...
alpha_2024,54,146Sm54.root,4011.5,2024-04-25 09:46:23,128,28938,adc0ch...
alpha_2024,55,146Sm55.root,3564.2,2024-04-25 09:46:49,128,24635,adc0ch...
alpha_2024,56,146Sm56.root,6855.5,2024-04-25 09:47:04,128,50867,adc0ch...
alpha_2024,57,146Sm57.root,4662.3,2024-04-25 09:47:14,128,34185,adc0ch...
alpha_2024,58,146Sm58.root,3013.7,2024-04-25 09:47:25,128,21860,adc0ch...
alpha_2024,59,146Sm59.root,3028.2,2024-04-25 09:47:36,128,21895,adc0ch...
alpha_2024,6,146Sm6.root,3780.7,2024-07-05 14:04:08,128,25418,adc0ch...
alpha_2024,60,146Sm60.root,516.2,2024-04-25 08:45:06,128,3142,adc0ch...
alpha_2024,61,146Sm61.root,56469.8,2024-04-25 12:11:22,128,443388,adc0ch...
alpha_2024,62,146Sm62.root,66852.6,2024-04-25 12:11:54,128,522635,adc0ch...
alpha_2024,63,146Sm63.root,89055.6,2024-04-25 12:13:58,128,641135,adc0ch...
alpha_2024,64,146Sm64.root,91554.8,2024-04-25 12:14:56,128,664930,adc0ch...
alpha_2024,65,146Sm65.root,444.0,2024-04-26 14:38:12,128,2579,adc0ch...
alpha_2024,66,146Sm66.root,4673.5,2024-04-28 07:52:55,128,33803,adc0ch...
alpha_2024,67,146Sm67.root,634.9,2024-04-29 08:38:53,128,3934,adc0ch...
alpha_2024,68,146Sm68.root,2475.7,2024-04-29 08:39:30,128,17608,adc0ch...
alpha_2024,69,146Sm69.root,1028.3,2009-01-06 04:49:28,128,6920,adc0ch...
alpha_2024,7,146Sm7.root,170.3,2024-03-28 17:26:21,128,494,adc0ch...
alpha_2024,70,146Sm70.root,2763.1,2024-04-30 14:46:40,128,19757,adc0ch...
alpha_2024,71,146Sm71.root,6958.5,2024-05-03 14:06:06,128,38233,adc0ch...
alpha_2024,72,146Sm72.root,6196.4,2024-05-05 19:23:26,128,44961,adc0ch...
alpha_2024,73,146Sm73.root,4566.0,2024-05-09 07:42:42,128,32715,adc0ch...
alpha_2024,74,146Sm74.root,4523.8,2024-05-09 07:42:58,128,31759,adc0ch...
alpha_2024,75,146Sm75.root,985.2,2024-05-09 15:58:51,128,6284,adc0ch...
alpha_2024,76,146Sm76.root,1754.6,2024-05-15 08:56:22,128,11777,adc0ch...
alpha_2024,77,146Sm77.root,3238.8,2024-05-15 08:56:33,128,22113,adc0ch...
alpha_2024,78,146Sm78.root,4230.3,2024-05-15 08:56:46,128,29047,adc0ch...
alpha_2024,79,146Sm79.root,642.7,2024-05-15 08:57:00,128,3767,adc0ch...
alpha_2024,8,146Sm8.root,2065.0,2024-03-28 17:26:43,128,13901,adc0ch...
alpha_2024,80,146Sm80.root,2706.0,2024-05-15 08:57:29,128,18789,adc0ch...
alpha_2024,81,146Sm81.root,2412.1,2024-05-20 08:34:09,128,16388,adc0ch...
alpha_2024,82,146Sm82.root,2240.1,2024-05-20 08:34:22,128,15281,adc0ch...
alpha_2024,83,146Sm83.root,7427.9,2024-05-20 08:34:38,128,55206,adc0ch...
alpha_2024,84,146Sm84.root,38134.0,2024-05-20 08:35:03,128,288120,adc0ch...
alpha_2024,85,146Sm85.root,2751.6,2024-05-24 14:44:11,128,19991,adc0ch...
alpha_2024,86,146Sm86.root,2664.2,2024-05-24 14:44:26,128,19036,adc0ch...
alpha_2024,87,146Sm87.root,3836.6,2024-05-24 14:44:43,128,27797,adc0ch...
alpha_2024,88,146Sm88.root,2689.8,2024-05-24 14:44:57,128,19031,adc0ch...
alpha_2024,89,146Sm89.root,5868.4,2024-05-29 10:14:13,128,42664,adc0ch...
alpha_2024,9,146Sm9.root,248581.5,2024-03-28 17:28:16,128,1735532,adc0ch...
alpha_2024,90,146Sm90.root,411288.0,2024-05-29 10:16:50,128,3250406,adc0ch...
alpha_2024,91,146Sm91.root,4636.0,2024-06-03 07:24:20,128,33280,adc0ch...
alpha_2024,92,146Sm92.root,416083.9,2024-06-03 07:27:04,128,3250858,adc0ch...
alpha_2024,93,146Sm93.root,4439.1,2024-06-04 12:33:15,128,35046,adc0ch...
alpha_2024,94,146Sm94.root,209065.2,2024-06-17 15:48:14,128,1737217,adc0ch...
alpha_2024,95,146Sm95.root,6124.9,2024-06-04 12:33:38,128,48454,adc0ch...
alpha_2024,96,146Sm96.root,488.9,2024-06-17 15:49:03,128,3001,adc0ch...
alpha_2024,97,146Sm97.root,2707.9,2024-06-17 15:49:17,128,20258,adc0ch...
alpha_2024,98,146Sm98.root,3898.5,2024-06-17 15:49:31,128,29348,adc0ch...
alpha_2024,99,146Sm99.root,1836.0,2024-06-17 15:49:43,128,13041,adc0ch...
