file,root_file,spec_id,detector,acquired_at,live_time_s,real_time_s,dead_time_percent,n_channels,total_counts
10.11Co57.Spe,10.11Co57.root,No sample description was entered.,DESKTOP-9VUPE7E Model 927 SN 7115241 Input 1,2025-10-11 15:25:02,2563.0,2565.0,0.0780,16384,36244
10.12.Spe,10.12.root,No sample description was entered.,DESKTOP-9VUPE7E Model 927 SN 7115241 Input 1,2025-10-11 16:29:18,103866.0,103897.0,0.0298,16384,352336
10.13.Spe,10.13.root,No sample description was entered.,DESKTOP-9VUPE7E Model 927 SN 7115241 Input 1,2025-10-12 21:22:34,69676.0,69697.0,0.0301,16384,237566
10.14.Spe,10.14.root,No sample description was entered.,DESKTOP-9VUPE7E Model 927 SN 7115241 Input 1,2025-10-13 16:44:51,72009.0,72030.0,0.0292,16384,244512
10.15.Spe,10.15.root,No sample description was entered.,DESKTOP-9VUPE7E Model 927 SN 7115241 Input 1,2025-10-14 12:49:57,71847.0,71869.0,0.0306,16384,242840
10.16.Spe,10.16.root,No sample description was entered.,DESKTOP-9VUPE7E Model 927 SN 7115241 Input 1,2025-10-15 12:38:53,93366.0,93394.0,0.0300,16384,316881
10.17.Spe,10.17.root,No sample description was entered.,DESKTOP-9VUPE7E Model 927 SN 7115241 Input 1,2025-10-16 14:35:42,96855.0,96885.0,0.0310,16384,328338
10.18.Spe,10.18.root,No sample description was entered.,DESKTOP-9VUPE7E Model 927 SN 7115241 Input 1,2025-10-17 17:30:46,79115.0,79139.0,0.0303,16384,269773
10.18_1_with Pb.Spe,10.18_1_with Pb.root,No sample description was entered.,DESKTOP-9VUPE7E Model 927 SN 7115241 Input 1,2025-10-18 21:22:02,571.0,608.0,6.0855,16384,614908
10.18_2_with Pb.Spe,10.18_2_with Pb.root,No sample description was entered.,DESKTOP-9VUPE7E Model 927 SN 7115241 Input 1,2025-10-18 22:29:03,618.0,661.0,6.5053,16384,701356
10.18_3_with Pb.Spe,10.18_3_with Pb.root,No sample description was entered.,DESKTOP-9VUPE7E Model 927 SN 7115241 Input 1,2025-10-18 23:03:04,601.0,642.0,6.3863,16384,673313
10.18_4_with Pb.Spe,10.18_4_with Pb.root,No sample description was entered.,DESKTOP-9VUPE7E Model 927 SN 7115241 Input 1,2025-10-18 22:47:21,584.0,623.0,6.2600,16384,650626
10.20_1_with Pb.Spe,10.20_1_with Pb.root,No sample description was entered.,DESKTOP-9VUPE7E Model 927 SN 7115241 Input 1,2025-10-20 09:28:50,542.0,569.0,4.7452,16384,453453
10.20_2_with Pb.Spe,10.20_2_with Pb.root,No sample description was entered.,DESKTOP-9VUPE7E Model 927 SN 7115241 Input 1,2025-10-20 09:49:31,582.0,613.0,5.0571,16384,513996
10.20_3_with Pb.Spe,10.20_3_with Pb.root,No sample description was entered.,DESKTOP-9VUPE7E Model 927 SN 7115241 Input 1,2025-10-20 10:04:28,606.0,637.0,4.8666,16384,529063
10.20_4_with Pb.Spe,10.20_4_with Pb.root,No sample description was entered.,DESKTOP-9VUPE7E Model 927 SN 7115241 Input 1,2025-10-20 10:18:47,572.0,602.0,4.9834,16384,496609
10.21_1_with Pb.Spe,10.21_1_with Pb.root,No sample description was entered.,DESKTOP-9VUPE7E Model 927 SN 7115241 Input 1,2025-10-21 09:04:06,612.0,639.0,4.2254,16384,441101
10.21_2_with Pb.Spe,10.21_2_with Pb.root,No sample description was entered.,DESKTOP-9VUPE7E Model 927 SN 7115241 Input 1,2025-10-21 09:19:56,617.0,645.0,4.3411,16384,468628
10.21_3_with Pb.Spe,10.21_3_with Pb.root,No sample description was entered.,DESKTOP-9VUPE7E Model 927 SN 7115241 Input 1,2025-10-21 09:33:54,668.0,698.0,4.2980,16384,500967
10.21_4_with Pb.Spe,10.21_4_with Pb.root,No sample description was entered.,DESKTOP-9VUPE7E Model 927 SN 7115241 Input 1,2025-10-21 09:49:47,596.0,623.0,4.3339,16384,444981
10.22_1_with Pb.Spe,10.22_1_with Pb.root,No sample description was entered.,DESKTOP-9VUPE7E Model 927 SN 7115241 Input 1,2025-10-22 09:04:19,574.0,595.0,3.5294,16384,357751
10.22_2_with Pb.Spe,10.22_2_with Pb.root,No sample description was entered.,DESKTOP-9VUPE7E Model 927 SN 7115241 Input 1,2025-10-22 09:17:46,554.0,575.0,3.6522,16384,363616
10.22_3_with Pb.Spe,10.22_3_with Pb.root,No sample description was entered.,DESKTOP-9VUPE7E Model 927 SN 7115241 Input 1,2025-10-22 09:31:03,586.0,609.0,3.7767,16384,380644
10.22_4_with Pb.Spe,10.22_4_with Pb.root,No sample description was entered.,DESKTOP-9VUPE7E Model 927 SN 7115241 Input 1,2025-10-22 09:43:55,592.0,615.0,3.7398,16384,380541
10.23_1_with Pb.Spe,10.23_1_with Pb.root,No sample description was entered.,DESKTOP-9VUPE7E Model 927 SN 7115241 Input 1,2025-10-23 09:03:31,631.0,651.0,3.0722,16384,340707
10.23_2_with Pb.Spe,10.23_2_with Pb.root,No sample description was entered.,DESKTOP-9VUPE7E Model 927 SN 7115241 Input 1,2025-10-23 09:18:08,576.0,596.0,3.3557,16384,325599
10.23_3_with Pb.Spe,10.23_3_with Pb.root,No sample description was entered.,DESKTOP-9VUPE7E Model 927 SN 7115241 Input 1,2025-10-23 09:44:47,558.0,576.0,3.1250,16384,309223
10.23_4_with Pb.Spe,10.23_4_with Pb.root,No sample description was entered.,DESKTOP-9VUPE7E Model 927 SN 7115241 Input 1,2025-10-23 09:31:43,565.0,583.0,3.0875,16384,313482
10.24_1_with Pb.Spe,10.24_1_with Pb.root,No sample description was entered.,DESKTOP-9VUPE7E Model 927 SN 7115241 Input 1,2025-10-24 09:03:51,605.0,621.0,2.5765,16384,282180
10.24_2_with Pb.Spe,10.24_2_with Pb.root,No sample description was entered.,DESKTOP-9VUPE7E Model 927 SN 7115241 Input 1,2025-10-24 09:17:27,580.0,597.0,2.8476,16384,286214
10.24_3_with Pb.Spe,10.24_3_with Pb.root,No sample description was entered.,DESKTOP-9VUPE7E Model 927 SN 7115241 Input 1,2025-10-24 09:30:13,603.0,620.0,2.7419,16384,290865
10.24_4_with Pb.Spe,10.24_4_with Pb.root,No sample description was entered.,DESKTOP-9VUPE7E Model 927 SN 7115241 Input 1,2025-10-24 09:43:30,566.0,582.0,2.7491,16384,270572
10.25_1_with Pb.Spe,10.25_1_with Pb.root,No sample description was entered.,DESKTOP-9VUPE7E Model 927 SN 7115241 Input 1,2025-10-25 09:05:06,1225.0,1255.0,2.3904,16384,496273
10.25_2_with Pb.Spe,10.25_2_with Pb.root,No sample description was entered.,DESKTOP-9VUPE7E Model 927 SN 7115241 Input 1,2025-10-25 09:30:03,1185.0,1215.0,2.4691,16384,503058
10.25_3_with Pb.Spe,10.25_3_with Pb.root,No sample description was entered.,DESKTOP-9VUPE7E Model 927 SN 7115241 Input 1,2025-10-25 09:53:15,1162.0,1190.0,2.3529,16384,482275
10.25_4_with Pb.Spe,10.25_4_with Pb.root,No sample description was entered.,DESKTOP-9VUPE7E Model 927 SN 7115241 Input 1,2025-10-25 10:16:15,1190.0,1219.0,2.3790,16384,489624
10.26_1_with Pb.Spe,10.26_1_with Pb.root,No sample description was entered.,DESKTOP-9VUPE7E Model 927 SN 7115241 Input 1,2025-10-26 09:19:45,1440.0,1470.0,2.0408,16384,507506
10.26_2_with Pb.Spe,10.26_2_with Pb.root,No sample description was entered.,DESKTOP-9VUPE7E Model 927 SN 7115241 Input 1,2025-10-26 09:47:45,1444.0,1475.0,2.1017,16384,532334
10.26_3_with Pb.Spe,10.26_3_with Pb.root,No sample description was entered.,DESKTOP-9VUPE7E Model 927 SN 7115241 Input 1,2025-10-26 10:14:59,1434.0,1465.0,2.1160,16384,514700
10.26_4_with Pb.Spe,10.26_4_with Pb.root,No sample description was entered.,DESKTOP-9VUPE7E Model 927 SN 7115241 Input 1,2025-10-26 10:42:12,1471.0,1502.0,2.0639,16384,520631
10.27_1_with Pb.Spe,10.27_1_with Pb.root,No sample description was entered.,DESKTOP-9VUPE7E Model 927 SN 7115241 Input 1,2025-10-27 09:23:57,1728.0,1760.0,1.8182,16384,531148
10.27_2_with Pb.Spe,10.27_2_with Pb.root,No sample description was entered.,DESKTOP-9VUPE7E Model 927 SN 7115241 Input 1,2025-10-27 10:04:18,1762.0,1796.0,1.8931,16384,558391
10.27_3_with Pb.Spe,10.27_3_with Pb.root,No sample description was entered.,DESKTOP-9VUPE7E Model 927 SN 7115241 Input 1,2025-10-27 10:37:47,1732.0,1764.0,1.8141,16384,541586
10.27_4_with Pb.Spe,10.27_4_with Pb.root,No sample description was entered.,DESKTOP-9VUPE7E Model 927 SN 7115241 Input 1,2025-10-27 11:10:34,1822.0,1855.0,1.7790,16384,557292
10.28_1_with Pb.Spe,10.28_1_with Pb.root,No sample description was entered.,DESKTOP-9VUPE7E Model 927 SN 7115241 Input 1,2025-10-28 09:24:33,2050.0,2083.0,1.5843,16384,548865
10.28_2_with Pb.Spe,10.28_2_with Pb.root,No sample description was entered.,DESKTOP-9VUPE7E Model 927 SN 7115241 Input 1,2025-10-28 10:02:35,2054.0,2088.0,1.6284,16384,566999
10.28_3_with Pb.Spe,10.28_3_with Pb.root,No sample description was entered.,DESKTOP-9VUPE7E Model 927 SN 7115241 Input 1,2025-10-28 10:39:57,2234.0,2270.0,1.5859,16384,601454
10.28_4_with Pb.Spe,10.28_4_with Pb.root,No sample description was entered.,DESKTOP-9VUPE7E Model 927 SN 7115241 Input 1,2025-10-28 11:20:34,2063.0,2095.0,1.5274,16384,544952
10.29_1_with Cu.Spe,10.29_1_with Cu.root,No sample description was entered.,DESKTOP-9VUPE7E Model 927 SN 7115241 Input 1,2025-10-29 12:21:49,291.0,312.0,6.7308,16384,330673
10.29_1_with Pb.Spe,10.29_1_with Pb.root,No sample description was entered.,DESKTOP-9VUPE7E Model 927 SN 7115241 Input 1,2025-10-29 09:33:12,1726.0,1750.0,1.3714,16384,404084
10.29_2_with Cu.Spe,10.29_2_with Cu.root,No sample description was entered.,DESKTOP-9VUPE7E Model 927 SN 7115241 Input 1,2025-10-29 12:13:24,298.0,320.0,6.8750,16384,356550
10.29_2_with Pb.Spe,10.29_2_with Pb.root,No sample description was entered.,DESKTOP-9VUPE7E Model 927 SN 7115241 Input 1,2025-10-29 10:05:15,1763.0,1788.0,1.3982,16384,422936
10.29_3_with Cu.Spe,10.29_3_with Cu.root,No sample description was entered.,DESKTOP-9VUPE7E Model 927 SN 7115241 Input 1,2025-10-29 12:05:11,280.0,300.0,6.6667,16384,329531
10.29_3_with Pb.Spe,10.29_3_with Pb.root,No sample description was entered.,DESKTOP-9VUPE7E Model 927 SN 7115241 Input 1,2025-10-29 10:37:38,1792.0,1816.0,1.3216,16384,417802
10.29_4_with 9.5.Spe,10.29_4_with 9.5.root,No sample description was entered.,DESKTOP-9VUPE7E Model 927 SN 7115241 Input 1,2025-10-29 11:47:59,23.0,30.0,23.3333,16384,111200
10.29_4_with Cu.Spe,10.29_4_with Cu.root,No sample description was entered.,DESKTOP-9VUPE7E Model 927 SN 7115241 Input 1,2025-10-29 11:57:06,293.0,314.0,6.6879,16384,342718
10.29_4_with Pb.Spe,10.29_4_with Pb.root,No sample description was entered.,DESKTOP-9VUPE7E Model 927 SN 7115241 Input 1,2025-10-29 11:10:09,1955.0,1982.0,1.3623,16384,448584
10.30_1_with Cu.Spe,10.30_1_with Cu.root,No sample description was entered.,DESKTOP-9VUPE7E Model 927 SN 7115241 Input 1,2025-10-30 09:20:47,333.0,353.0,5.6657,16384,335707
10.30_1_with Pb.Spe,10.30_1_with Pb.root,No sample description was entered.,DESKTOP-9VUPE7E Model 927 SN 7115241 Input 1,2025-10-30 11:06:08,1587.0,1607.0,1.2446,16384,322225
10.30_2_with Cu.Spe,10.30_2_with Cu.root,No sample description was entered.,DESKTOP-9VUPE7E Model 927 SN 7115241 Input 1,2025-10-30 09:12:12,334.0,356.0,6.1798,16384,350460
10.30_2_with Pb.Spe,10.30_2_with Pb.root,No sample description was entered.,DESKTOP-9VUPE7E Model 927 SN 7115241 Input 1,2025-10-30 10:47:49,2358.0,2387.0,1.2149,16384,484876
10.30_3_with Cu.Spe,10.30_3_with Cu.root,No sample description was entered.,DESKTOP-9VUPE7E Model 927 SN 7115241 Input 1,2025-10-30 09:29:12,330.0,351.0,5.9829,16384,339914
10.30_3_with Pb.Spe,10.30_3_with Pb.root,No sample description was entered.,DESKTOP-9VUPE7E Model 927 SN 7115241 Input 1,2025-10-30 10:20:24,1490.0,1508.0,1.1936,16384,303480
10.30_4_with Cu.Spe,10.30_4_with Cu.root,No sample description was entered.,DESKTOP-9VUPE7E Model 927 SN 7115241 Input 1,2025-10-30 09:37:23,331.0,352.0,5.9659,16384,338424
10.30_4_with Pb.Spe,10.30_4_with Pb.root,No sample description was entered.,DESKTOP-9VUPE7E Model 927 SN 7115241 Input 1,2025-10-30 09:46:50,1792.0,1813.0,1.1583,16384,361049
10.31_1_with Cu.Spe,10.31_1_with Cu.root,No sample description was entered.,DESKTOP-9VUPE7E Model 927 SN 7115241 Input 1,2025-10-31 11:41:59,378.0,398.0,5.0251,16384,335858
10.31_1_with Pb.Spe,10.31_1_with Pb.root,No sample description was entered.,DESKTOP-9VUPE7E Model 927 SN 7115241 Input 1,2025-10-31 09:03:16,1821.0,1841.0,1.0864,16384,336618
10.31_2_with Cu.Spe,10.31_2_with Cu.root,No sample description was entered.,DESKTOP-9VUPE7E Model 927 SN 7115241 Input 1,2025-10-31 11:32:21,367.0,387.0,5.1680,16384,341149
10.31_2_with Pb.Spe,10.31_2_with Pb.root,No sample description was entered.,DESKTOP-9VUPE7E Model 927 SN 7115241 Input 1,2025-10-31 09:36:21,1787.0,1807.0,1.1068,16384,337810
10.31_3_with Cu.Spe,10.31_3_with Cu.root,No sample description was entered.,DESKTOP-9VUPE7E Model 927 SN 7115241 Input 1,2025-10-31 11:23:38,349.0,367.0,4.9046,16384,318163
10.31_3_with Pb.Spe,10.31_3_with Pb.root,No sample description was entered.,DESKTOP-9VUPE7E Model 927 SN 7115241 Input 1,2025-10-31 10:08:33,1789.0,1807.0,0.9961,16384,325606
10.31_4_with Cu.Spe,10.31_4_with Cu.root,No sample description was entered.,DESKTOP-9VUPE7E Model 927 SN 7115241 Input 1,2025-10-31 11:14:57,355.0,374.0,5.0802,16384,322971
10.31_4_with Pb.Spe,10.31_4_with Pb.root,No sample description was entered.,DESKTOP-9VUPE7E Model 927 SN 7115241 Input 1,2025-10-31 10:40:35,1845.0,1864.0,1.0193,16384,330998
11.01_1_with Cu.Spe,11.01_1_with Cu.root,No sample description was entered.,DESKTOP-9VUPE7E Model 927 SN 7115241 Input 1,2025-11-01 09:05:33,476.0,498.0,4.4177,16384,374495
11.01_2_with Cu.Spe,11.01_2_with Cu.root,No sample description was entered.,DESKTOP-9VUPE7E Model 927 SN 7115241 Input 1,2025-11-01 09:16:47,450.0,471.0,4.4586,16384,367763
11.01_3_with Cu.Spe,11.01_3_with Cu.root,No sample description was entered.,DESKTOP-9VUPE7E Model 927 SN 7115241 Input 1,2025-11-01 09:26:50,482.0,505.0,4.5545,16384,385793
11.01_4_with Cu.Spe,11.01_4_with Cu.root,No sample description was entered.,DESKTOP-9VUPE7E Model 927 SN 7115241 Input 1,2025-11-01 09:37:28,541.0,566.0,4.4170,16384,430535
11.02_1_with Cu.Spe,11.02_1_with Cu.root,No sample description was entered.,DESKTOP-9VUPE7E Model 927 SN 7115241 Input 1,2025-11-02 09:07:20,578.0,601.0,3.8270,16384,397822
11.02_2_with Cu.Spe,11.02_2_with Cu.root,No sample description was entered.,DESKTOP-9VUPE7E Model 927 SN 7115241 Input 1,2025-11-02 09:19:37,497.0,518.0,4.0541,16384,353103
11.02_4_with Cu.Spe,11.02_4_with Cu.root,No sample description was entered.,DESKTOP-9VUPE7E Model 927 SN 7115241 Input 1,2025-11-02 09:42:16,274.0,285.0,3.8596,16384,187839
11.03_1_with Cu.Spe,11.03_1_with Cu.root,No sample description was entered.,DESKTOP-9VUPE7E Model 927 SN 7115241 Input 1,2025-11-03 09:03:41,648.0,671.0,3.4277,16384,390092
11.03_2_with Cu.Spe,11.03_2_with Cu.root,No sample description was entered.,DESKTOP-9VUPE7E Model 927 SN 7115241 Input 1,2025-11-03 09:17:13,576.0,597.0,3.5176,16384,358336
11.03_3_with Cu.Spe,11.03_3_with Cu.root,No sample description was entered.,DESKTOP-9VUPE7E Model 927 SN 7115241 Input 1,2025-11-03 09:29:26,566.0,586.0,3.4130,16384,340418
11.03_4_with Cu.Spe,11.03_4_with Cu.root,No sample description was entered.,DESKTOP-9VUPE7E Model 927 SN 7115241 Input 1,2025-11-03 09:41:06,635.0,657.0,3.3486,16384,378721
11.04_1_with Cu.Spe,11.04_1_with Cu.root,No sample description was entered.,DESKTOP-9VUPE7E Model 927 SN 7115241 Input 1,2025-11-04 09:02:46,766.0,790.0,3.0380,16384,405022
11.04_2_with Cu.Spe,11.04_2_with Cu.root,No sample description was entered.,DESKTOP-9VUPE7E Model 927 SN 7115241 Input 1,2025-11-04 09:17:59,848.0,875.0,3.0857,16384,460931
11.04_3_with Cu.Spe,11.04_3_with Cu.root,No sample description was entered.,DESKTOP-9VUPE7E Model 927 SN 7115241 Input 1,2025-11-04 09:35:08,695.0,716.0,2.9330,16384,364380
11.04_3_with Pb.Spe,11.04_3_with Pb.root,No sample description was entered.,DESKTOP-9VUPE7E Model 927 SN 7115241 Input 1,2025-11-04 11:10:23,4038.0,4063.0,0.6153,16384,423290
11.04_4_with Cu.Spe,11.04_4_with Cu.root,No sample description was entered.,DESKTOP-9VUPE7E Model 927 SN 7115241 Input 1,2025-11-04 09:49:52,734.0,756.0,2.9101,16384,380148
11.04_4_with Pb.Spe,11.04_4_with Pb.root,No sample description was entered.,DESKTOP-9VUPE7E Model 927 SN 7115241 Input 1,2025-11-04 10:06:40,3677.0,3699.0,0.5948,16384,381237
11.05_1_with Cu.Spe,11.05_1_with Cu.root,No sample description was entered.,DESKTOP-9VUPE7E Model 927 SN 7115241 Input 1,2025-11-05 09:38:18,878.0,901.0,2.5527,16384,405747
11.05_2_with Cu.Spe,11.05_2_with Cu.root,No sample description was entered.,DESKTOP-9VUPE7E Model 927 SN 7115241 Input 1,2025-11-05 09:55:36,857.0,881.0,2.7242,16384,405146
11.05_3_with Cu.Spe,11.05_3_with Cu.root,No sample description was entered.,DESKTOP-9VUPE7E Model 927 SN 7115241 Input 1,2025-11-05 10:12:37,779.0,800.0,2.6250,16384,354165
11.05_3_with Pb.Spe,11.05_3_with Pb.root,No sample description was entered.,DESKTOP-9VUPE7E Model 927 SN 7115241 Input 1,2025-11-05 11:37:35,3073.0,3089.0,0.5180,16384,284262
11.05_4_with Cu.Spe,11.05_4_with Cu.root,No sample description was entered.,DESKTOP-9VUPE7E Model 927 SN 7115241 Input 1,2025-11-05 10:28:13,784.0,805.0,2.6087,16384,352305
11.05_4_with Pb.Spe,11.05_4_with Pb.root,No sample description was entered.,DESKTOP-9VUPE7E Model 927 SN 7115241 Input 1,2025-11-05 10:44:56,2998.0,3014.0,0.5309,16384,272835
11.06_1_with Cu.Spe,11.06_1_with Cu.root,No sample description was entered.,DESKTOP-9VUPE7E Model 927 SN 7115241 Input 1,2025-11-06 09:02:49,1023.0,1047.0,2.2923,16384,418636
11.06_2_with Cu.Spe,11.06_2_with Cu.root,No sample description was entered.,DESKTOP-9VUPE7E Model 927 SN 7115241 Input 1,2025-11-06 09:23:33,1138.0,1165.0,2.3176,16384,473138
11.06_3_with Cu.Spe,11.06_3_with Cu.root,No sample description was entered.,DESKTOP-9VUPE7E Model 927 SN 7115241 Input 1,2025-11-06 09:45:07,897.0,918.0,2.2876,16384,356745
11.06_3_with Pb.Spe,11.06_3_with Pb.root,No sample description was entered.,DESKTOP-9VUPE7E Model 927 SN 7115241 Input 1,2025-11-06 11:27:25,4188.0,4208.0,0.4753,16384,339918
11.06_4_with Cu.Spe,11.06_4_with Cu.root,No sample description was entered.,DESKTOP-9VUPE7E Model 927 SN 7115241 Input 1,2025-11-06 10:02:38,871.0,890.0,2.1348,16384,341180
11.06_4_with Pb.Spe,11.06_4_with Pb.root,No sample description was entered.,DESKTOP-9VUPE7E Model 927 SN 7115241 Input 1,2025-11-06 10:20:51,3628.0,3645.0,0.4664,16384,289122
11.07_1_with Cu.Spe,11.07_1_with Cu.root,No sample description was entered.,DESKTOP-9VUPE7E Model 927 SN 7115241 Input 1,2025-11-07 09:02:50,1285.0,1312.0,2.0579,16384,466655
11.07_2_with Cu.Spe,11.07_2_with Cu.root,No sample description was entered.,DESKTOP-9VUPE7E Model 927 SN 7115241 Input 1,2025-11-07 09:27:33,1089.0,1112.0,2.0683,16384,397110
11.07_3_with Cu.Spe,11.07_3_with Cu.root,No sample description was entered.,DESKTOP-9VUPE7E Model 927 SN 7115241 Input 1,2025-11-07 09:48:12,1133.0,1156.0,1.9896,16384,393887
11.07_4_with Cu.Spe,11.07_4_with Cu.root,No sample description was entered.,DESKTOP-9VUPE7E Model 927 SN 7115241 Input 1,2025-11-07 10:09:31,1127.0,1149.0,1.9147,16384,384258
11.08_1_with Cu.Spe,11.08_1_with Cu.root,No sample description was entered.,DESKTOP-9VUPE7E Model 927 SN 7115241 Input 1,2025-11-08 09:02:59,1353.0,1378.0,1.8142,16384,432886
11.08_2_with Cu.Spe,11.08_2_with Cu.root,No sample description was entered.,DESKTOP-9VUPE7E Model 927 SN 7115241 Input 1,2025-11-08 09:28:28,1332.0,1357.0,1.8423,16384,430115
11.08_3_with Cu.Spe,11.08_3_with Cu.root,No sample description was entered.,DESKTOP-9VUPE7E Model 927 SN 7115241 Input 1,2025-11-08 09:53:27,1364.0,1388.0,1.7291,16384,416023
11.08_4_with Cu.Spe,11.08_4_with Cu.root,No sample description was entered.,DESKTOP-9VUPE7E Model 927 SN 7115241 Input 1,2025-11-08 10:18:45,1608.0,1636.0,1.7115,16384,481874
11.09_1_with Cu.Spe,11.09_1_with Cu.root,No sample description was entered.,DESKTOP-9VUPE7E Model 927 SN 7115241 Input 1,2025-11-09 09:47:47,1624.0,1651.0,1.6354,16384,461246
11.09_2_with Cu.Spe,11.09_2_with Cu.root,No sample description was entered.,DESKTOP-9VUPE7E Model 927 SN 7115241 Input 1,2025-11-09 10:22:36,1875.0,1906.0,1.6264,16384,530675
11.09_3_with Cu.Spe,11.09_3_with Cu.root,No sample description was entered.,DESKTOP-9VUPE7E Model 927 SN 7115241 Input 1,2025-11-09 10:56:29,1512.0,1535.0,1.4984,16384,400190
11.09_4_with Cu.Spe,11.09_4_with Cu.root,No sample description was entered.,DESKTOP-9VUPE7E Model 927 SN 7115241 Input 1,2025-11-09 11:24:11,1519.0,1542.0,1.4916,16384,395023
11.10_1_with 12.5.Spe,11.10_1_with 12.5.root,No sample description was entered.,DESKTOP-9VUPE7E Model 927 SN 7115241 Input 1,2025-11-10 13:11:16,246.0,257.0,4.2802,16384,201418
11.10_1_with 12.5_1_L.Spe,11.10_1_with 12.5_1_L.root,No sample description was entered.,DESKTOP-9VUPE7E Model 927 SN 7115241 Input 1,2025-11-10 17:28:28,495.0,507.0,2.3669,16384,198660
11.10_1_with 12.5_1_R.Spe,11.10_1_with 12.5_1_R.root,No sample description was entered.,DESKTOP-9VUPE7E Model 927 SN 7115241 Input 1,2025-11-10 17:18:51,513.0,525.0,2.2857,16384,211346
11.10_1_with 12.5_4_L.Spe,11.10_1_with 12.5_4_L.root,No sample description was entered.,DESKTOP-9VUPE7E Model 927 SN 7115241 Input 1,2025-11-10 16:46:04,646.0,661.0,2.2693,16384,257361
11.10_1_with 12.5_4_R.Spe,11.10_1_with 12.5_4_R.root,No sample description was entered.,DESKTOP-9VUPE7E Model 927 SN 7115241 Input 1,2025-11-10 16:58:08,510.0,523.0,2.4857,16384,209345
11.10_1_with Cu.Spe,11.10_1_with Cu.root,No sample description was entered.,DESKTOP-9VUPE7E Model 927 SN 7115241 Input 1,2025-11-10 09:03:11,1780.0,1806.0,1.4396,16384,452965
11.10_2_with 12.5.Spe,11.10_2_with 12.5.root,No sample description was entered.,DESKTOP-9VUPE7E Model 927 SN 7115241 Input 1,2025-11-10 13:18:36,183.0,192.0,4.6875,16384,150213
11.10_2_with 12.5_2_L.Spe,11.10_2_with 12.5_2_L.root,No sample description was entered.,DESKTOP-9VUPE7E Model 927 SN 7115241 Input 1,2025-11-10 16:30:12,463.0,475.0,2.5263,16384,190364
11.10_2_with 12.5_2_R.Spe,11.10_2_with 12.5_2_R.root,No sample description was entered.,DESKTOP-9VUPE7E Model 927 SN 7115241 Input 1,2025-11-10 16:38:51,303.0,311.0,2.5723,16384,127490
11.10_2_with 12.5_3_L.Spe,11.10_2_with 12.5_3_L.root,No sample description was entered.,DESKTOP-9VUPE7E Model 927 SN 7115241 Input 1,2025-11-10 16:10:41,551.0,564.0,2.3050,16384,218817
11.10_2_with 12.5_3_R.Spe,11.10_2_with 12.5_3_R.root,No sample description was entered.,DESKTOP-9VUPE7E Model 927 SN 7115241 Input 1,2025-11-10 16:21:04,484.0,496.0,2.4194,16384,197370
11.10_2_with Cu.Spe,11.10_2_with Cu.root,No sample description was entered.,DESKTOP-9VUPE7E Model 927 SN 7115241 Input 1,2025-11-10 09:35:28,1990.0,2019.0,1.4364,16384,500720
11.10_3_with 12.5.Spe,11.10_3_with 12.5.root,No sample description was entered.,DESKTOP-9VUPE7E Model 927 SN 7115241 Input 1,2025-11-10 13:23:49,164.0,171.0,4.0936,16384,127980
11.10_3_with 12.5_8_L.Spe,11.10_3_with 12.5_8_L.root,No sample description was entered.,DESKTOP-9VUPE7E Model 927 SN 7115241 Input 1,2025-11-10 15:05:36,535.0,548.0,2.3723,16384,216005
11.10_3_with 12.5_8_R.Spe,11.10_3_with 12.5_8_R.root,No sample description was entered.,DESKTOP-9VUPE7E Model 927 SN 7115241 Input 1,2025-11-10 15:16:06,412.0,423.0,2.6005,16384,174480
11.10_3_with 12.5_9_L.Spe,11.10_3_with 12.5_9_L.root,No sample description was entered.,DESKTOP-9VUPE7E Model 927 SN 7115241 Input 1,2025-11-10 14:45:36,490.0,500.0,2.0000,16384,175105
11.10_3_with 12.5_9_L_13h.Spe,11.10_3_with 12.5_9_L_13h.root,No sample description was entered.,DESKTOP-9VUPE7E Model 927 SN 7115241 Input 1,2025-11-10 17:48:38,51590.0,52480.0,1.6959,16384,15244498
11.10_3_with 12.5_9_R.Spe,11.10_3_with 12.5_9_R.root,No sample description was entered.,DESKTOP-9VUPE7E Model 927 SN 7115241 Input 1,2025-11-10 14:54:42,492.0,503.0,2.1869,16384,186235
11.10_3_with Cu.Spe,11.10_3_with Cu.root,No sample description was entered.,DESKTOP-9VUPE7E Model 927 SN 7115241 Input 1,2025-11-10 10:11:37,1673.0,1696.0,1.3561,16384,393021
11.10_4_with 12.5.Spe,11.10_4_with 12.5.root,No sample description was entered.,DESKTOP-9VUPE7E Model 927 SN 7115241 Input 1,2025-11-10 13:28:38,218.0,228.0,4.3860,16384,167819
11.10_4_with 12.5_5_L.Spe,11.10_4_with 12.5_5_L.root,No sample description was entered.,DESKTOP-9VUPE7E Model 927 SN 7115241 Input 1,2025-11-10 15:49:11,504.0,515.0,2.1359,16384,195203
11.10_4_with 12.5_5_R.Spe,11.10_4_with 12.5_5_R.root,No sample description was entered.,DESKTOP-9VUPE7E Model 927 SN 7115241 Input 1,2025-11-10 15:59:59,462.0,473.0,2.3256,16384,190346
11.10_4_with 12.5_6_L.Spe,11.10_4_with 12.5_6_L.root,No sample description was entered.,DESKTOP-9VUPE7E Model 927 SN 7115241 Input 1,2025-11-10 15:24:19,695.0,710.0,2.1127,16384,250676
11.10_4_with 12.5_6_R.Spe,11.10_4_with 12.5_6_R.root,No sample description was entered.,DESKTOP-9VUPE7E Model 927 SN 7115241 Input 1,2025-11-10 15:37:41,473.0,483.0,2.0704,16384,179287
11.10_4_with Cu.Spe,11.10_4_with Cu.root,No sample description was entered.,DESKTOP-9VUPE7E Model 927 SN 7115241 Input 1,2025-11-10 10:41:40,1801.0,1825.0,1.3151,16384,413283
11.11_1_with 12.5.Spe,11.11_1_with 12.5.root,No sample description was entered.,DESKTOP-9VUPE7E Model 927 SN 7115241 Input 1,2025-11-11 10:04:38,373.0,390.0,4.3590,16384,275628
11.11_1_with Cu.Spe,11.11_1_with Cu.root,No sample description was entered.,DESKTOP-9VUPE7E Model 927 SN 7115241 Input 1,2025-11-11 11:24:23,1765.0,1788.0,1.2864,16384,398107
11.11_2_with 12.5.Spe,11.11_2_with 12.5.root,No sample description was entered.,DESKTOP-9VUPE7E Model 927 SN 7115241 Input 1,2025-11-11 10:12:21,264.0,276.0,4.3478,16384,194543
11.11_2_with Cu.Spe,11.11_2_with Cu.root,No sample description was entered.,DESKTOP-9VUPE7E Model 927 SN 7115241 Input 1,2025-11-11 10:18:34,1722.0,1745.0,1.3181,16384,381496
11.11_3_with 12.5.Spe,11.11_3_with 12.5.root,No sample description was entered.,DESKTOP-9VUPE7E Model 927 SN 7115241 Input 1,2025-11-11 09:52:39,292.0,304.0,3.9474,16384,204015
11.11_3_with 12.5_9_L_1h.Spe,11.11_3_with 12.5_9_L_1h.root,No sample description was entered.,DESKTOP-9VUPE7E Model 927 SN 7115241 Input 1,2025-11-11 08:48:28,3618.0,3691.0,1.9778,16384,1244646
11.11_3_with Cu.Spe,11.11_3_with Cu.root,No sample description was entered.,DESKTOP-9VUPE7E Model 927 SN 7115241 Input 1,2025-11-11 10:49:12,1914.0,1937.0,1.1874,16384,394879
11.11_4_with 12.5.Spe,11.11_4_with 12.5.root,No sample description was entered.,DESKTOP-9VUPE7E Model 927 SN 7115241 Input 1,2025-11-11 09:59:24,237.0,246.0,3.6585,16384,162808
11.11_4_with Cu.Spe,11.11_4_with Cu.root,No sample description was entered.,DESKTOP-9VUPE7E Model 927 SN 7115241 Input 1,2025-11-11 11:56:13,2255.0,2282.0,1.1832,16384,452287
11.12_1_with 12.5.Spe,11.12_1_with 12.5.root,No sample description was entered.,DESKTOP-9VUPE7E Model 927 SN 7115241 Input 1,2025-11-12 12:04:51,515.0,534.0,3.5581,16384,336683
11.12_1_with Cu.Spe,11.12_1_with Cu.root,No sample description was entered.,DESKTOP-9VUPE7E Model 927 SN 7115241 Input 1,2025-11-12 14:02:40,1777.0,1798.0,1.1680,16384,354686
11.12_2_with 12.5.Spe,11.12_2_with 12.5.root,No sample description was entered.,DESKTOP-9VUPE7E Model 927 SN 7115241 Input 1,2025-11-12 12:15:07,368.0,382.0,3.6649,16384,238791
11.12_2_with Cu.Spe,11.12_2_with Cu.root,No sample description was entered.,DESKTOP-9VUPE7E Model 927 SN 7115241 Input 1,2025-11-12 13:38:19,1369.0,1385.0,1.1552,16384,266891
11.12_3_with 12.5.Spe,11.12_3_with 12.5.root,No sample description was entered.,DESKTOP-9VUPE7E Model 927 SN 7115241 Input 1,2025-11-12 12:23:26,583.0,604.0,3.4768,16384,355267
11.12_3_with Cu.Spe,11.12_3_with Cu.root,No sample description was entered.,DESKTOP-9VUPE7E Model 927 SN 7115241 Input 1,2025-11-12 13:16:05,1250.0,1263.0,1.0293,16384,224907
11.12_4_with 12.5.Spe,11.12_4_with 12.5.root,No sample description was entered.,DESKTOP-9VUPE7E Model 927 SN 7115241 Input 1,2025-11-12 12:34:33,441.0,456.0,3.2895,16384,264055
11.12_4_with Cu.Spe,11.12_4_with Cu.root,No sample description was entered.,DESKTOP-9VUPE7E Model 927 SN 7115241 Input 1,2025-11-12 12:44:25,1811.0,1830.0,1.0383,16384,321481
11.13_1_with 12.5.Spe,11.13_1_with 12.5.root,No sample description was entered.,DESKTOP-9VUPE7E Model 927 SN 7115241 Input 1,2025-11-13 09:26:28,494.0,512.0,3.5156,16384,295362
11.13_1_with Cu.Spe,11.13_1_with Cu.root,No sample description was entered.,DESKTOP-9VUPE7E Model 927 SN 7115241 Input 1,2025-11-13 11:38:28,3195.0,3229.0,1.0530,16384,582852
11.13_2_with 12.5.Spe,11.13_2_with 12.5.root,No sample description was entered.,DESKTOP-9VUPE7E Model 927 SN 7115241 Input 1,2025-11-13 09:36:12,517.0,535.0,3.3645,16384,302469
11.13_2_with Cu.Spe,11.13_2_with Cu.root,No sample description was entered.,DESKTOP-9VUPE7E Model 927 SN 7115241 Input 1,2025-11-13 11:06:13,1853.0,1872.0,1.0150,16384,326581
11.13_3_with 12.5.Spe,11.13_3_with 12.5.root,No sample description was entered.,DESKTOP-9VUPE7E Model 927 SN 7115241 Input 1,2025-11-13 09:09:35,889.0,918.0,3.1590,16384,487254
11.13_3_with 12.5_9_L_19h.Spe,11.13_3_with 12.5_9_L_19h.root,No sample description was entered.,DESKTOP-9VUPE7E Model 927 SN 7115241 Input 1,2025-11-12 21:43:16,64912.0,65930.0,1.5441,16384,17400637
11.13_3_with Cu.Spe,11.13_3_with Cu.root,No sample description was entered.,DESKTOP-9VUPE7E Model 927 SN 7115241 Input 1,2025-11-13 10:31:38,1990.0,2009.0,0.9457,16384,321787
11.13_4_with 12.5.Spe,11.13_4_with 12.5.root,No sample description was entered.,DESKTOP-9VUPE7E Model 927 SN 7115241 Input 1,2025-11-13 09:55:06,516.0,533.0,3.1895,16384,277351
11.13_4_with Cu.Spe,11.13_4_with Cu.root,No sample description was entered.,DESKTOP-9VUPE7E Model 927 SN 7115241 Input 1,2025-11-13 09:56:23,2019.0,2038.0,0.9323,16384,320979
11.14_1_with 12.5.Spe,11.14_1_with 12.5.root,No sample description was entered.,DESKTOP-9VUPE7E Model 927 SN 7115241 Input 1,2025-11-14 12:05:24,648.0,668.0,2.9940,16384,343491
11.14_1_with Cu.Spe,11.14_1_with Cu.root,No sample description was entered.,DESKTOP-9VUPE7E Model 927 SN 7115241 Input 1,2025-11-14 09:17:19,1786.0,1803.0,0.9429,16384,297203
11.14_2_with 12.5.Spe,11.14_2_with 12.5.root,No sample description was entered.,DESKTOP-9VUPE7E Model 927 SN 7115241 Input 1,2025-11-14 11:52:19,697.0,718.0,2.9248,16384,361101
11.14_2_with Cu.Spe,11.14_2_with Cu.root,No sample description was entered.,DESKTOP-9VUPE7E Model 927 SN 7115241 Input 1,2025-11-14 09:48:37,1786.0,1802.0,0.8879,16384,283518
11.14_3_with 12.5.Spe,11.14_3_with 12.5.root,No sample description was entered.,DESKTOP-9VUPE7E Model 927 SN 7115241 Input 1,2025-11-14 11:42:18,520.0,535.0,2.8037,16384,249492
11.14_3_with Cu.Spe,11.14_3_with Cu.root,No sample description was entered.,DESKTOP-9VUPE7E Model 927 SN 7115241 Input 1,2025-11-14 10:19:56,2140.0,2158.0,0.8341,16384,307398
11.14_4_with 12.5.Spe,11.14_4_with 12.5.root,No sample description was entered.,DESKTOP-9VUPE7E Model 927 SN 7115241 Input 1,2025-11-14 11:28:52,715.0,735.0,2.7211,16384,337449
11.14_4_with Cu.Spe,11.14_4_with Cu.root,No sample description was entered.,DESKTOP-9VUPE7E Model 927 SN 7115241 Input 1,2025-11-14 10:56:54,1792.0,1807.0,0.8301,16384,251805
11.15_1_with 12.5.Spe,11.15_1_with 12.5.root,No sample description was entered.,DESKTOP-9VUPE7E Model 927 SN 7115241 Input 1,2025-11-15 09:05:10,410.0,421.0,2.6128,16384,199063
11.15_1_with Cu.Spe,11.15_1_with Cu.root,No sample description was entered.,DESKTOP-9VUPE7E Model 927 SN 7115241 Input 1,2025-11-15 11:12:27,1802.0,1818.0,0.8801,16384,272707
11.15_2_with 12.5.Spe,11.15_2_with 12.5.root,No sample description was entered.,DESKTOP-9VUPE7E Model 927 SN 7115241 Input 1,2025-11-15 09:13:19,406.0,418.0,2.8708,16384,192287
11.15_2_with Cu.Spe,11.15_2_with Cu.root,No sample description was entered.,DESKTOP-9VUPE7E Model 927 SN 7115241 Input 1,2025-11-15 10:41:18,1791.0,1806.0,0.8306,16384,256246
11.15_3_with 12.5.Spe,11.15_3_with 12.5.root,No sample description was entered.,DESKTOP-9VUPE7E Model 927 SN 7115241 Input 1,2025-11-15 09:21:18,427.0,438.0,2.5114,16384,186014
11.15_3_with Cu.Spe,11.15_3_with Cu.root,No sample description was entered.,DESKTOP-9VUPE7E Model 927 SN 7115241 Input 1,2025-11-15 10:10:10,1788.0,1801.0,0.7218,16384,230080
11.15_4_with 12.5.Spe,11.15_4_with 12.5.root,No sample description was entered.,DESKTOP-9VUPE7E Model 927 SN 7115241 Input 1,2025-11-15 09:29:41,457.0,469.0,2.5586,16384,195469
11.15_4_with Cu.Spe,11.15_4_with Cu.root,No sample description was entered.,DESKTOP-9VUPE7E Model 927 SN 7115241 Input 1,2025-11-15 09:38:54,1797.0,1810.0,0.7182,16384,226881
11.16_1_with 12.5.Spe,11.16_1_with 12.5.root,No sample description was entered.,DESKTOP-9VUPE7E Model 927 SN 7115241 Input 1,2025-11-16 11:17:38,464.0,476.0,2.5210,16384,202809
11.16_2_with 12.5.Spe,11.16_2_with 12.5.root,No sample description was entered.,DESKTOP-9VUPE7E Model 927 SN 7115241 Input 1,2025-11-16 11:26:48,595.0,609.0,2.2989,16384,250671
11.16_3_with 12.5.Spe,11.16_3_with 12.5.root,No sample description was entered.,DESKTOP-9VUPE7E Model 927 SN 7115241 Input 1,2025-11-16 11:38:04,678.0,693.0,2.1645,16384,259523
11.16_4_with 12.5.Spe,11.16_4_with 12.5.root,No sample description was entered.,DESKTOP-9VUPE7E Model 927 SN 7115241 Input 1,2025-11-16 11:50:37,478.0,488.0,2.0492,16384,180068
11.17_1_with 12.5.Spe,11.17_1_with 12.5.root,No sample description was entered.,DESKTOP-9VUPE7E Model 927 SN 7115241 Input 1,2025-11-17 09:22:52,530.0,542.0,2.2140,16384,212876
11.17_2_with 12.5.Spe,11.17_2_with 12.5.root,No sample description was entered.,DESKTOP-9VUPE7E Model 927 SN 7115241 Input 1,2025-11-17 09:33:01,507.0,519.0,2.3121,16384,194316
11.17_3_with 12.5.Spe,11.17_3_with 12.5.root,No sample description was entered.,DESKTOP-9VUPE7E Model 927 SN 7115241 Input 1,2025-11-17 09:42:40,493.0,503.0,1.9881,16384,171209
11.17_4_with 12.5.Spe,11.17_4_with 12.5.root,No sample description was entered.,DESKTOP-9VUPE7E Model 927 SN 7115241 Input 1,2025-11-17 09:52:06,531.0,541.0,1.8484,16384,181354
11.18_1_with 12.5.Spe,11.18_1_with 12.5.root,No sample description was entered.,DESKTOP-9VUPE7E Model 927 SN 7115241 Input 1,2025-11-18 09:11:08,563.0,575.0,2.0870,16384,208054
11.18_2_with 12.5.Spe,11.18_2_with 12.5.root,No sample description was entered.,DESKTOP-9VUPE7E Model 927 SN 7115241 Input 1,2025-11-18 09:21:55,498.0,508.0,1.9685,16384,173664
11.18_3_with 12.5.Spe,11.18_3_with 12.5.root,No sample description was entered.,DESKTOP-9VUPE7E Model 927 SN 7115241 Input 1,2025-11-18 09:31:27,513.0,522.0,1.7241,16384,160888
11.18_4_with 12.5.Spe,11.18_4_with 12.5.root,No sample description was entered.,DESKTOP-9VUPE7E Model 927 SN 7115241 Input 1,2025-11-18 09:41:10,520.0,529.0,1.7013,16384,159466
11.19_1_with 12.5.Spe,11.19_1_with 12.5.root,No sample description was entered.,DESKTOP-9VUPE7E Model 927 SN 7115241 Input 1,2025-11-19 09:51:02,594.0,606.0,1.9802,16384,203285
11.19_2_with 12.5.Spe,11.19_2_with 12.5.root,No sample description was entered.,DESKTOP-9VUPE7E Model 927 SN 7115241 Input 1,2025-11-19 10:02:18,614.0,626.0,1.9169,16384,195279
11.19_3_with 12.5.Spe,11.19_3_with 12.5.root,No sample description was entered.,DESKTOP-9VUPE7E Model 927 SN 7115241 Input 1,2025-11-19 10:13:41,561.0,570.0,1.5789,16384,158851
11.19_4_with 12.5.Spe,11.19_4_with 12.5.root,No sample description was entered.,DESKTOP-9VUPE7E Model 927 SN 7115241 Input 1,2025-11-19 10:24:11,704.0,716.0,1.6760,16384,196222
11.20_1_with 12.5.Spe,11.20_1_with 12.5.root,No sample description was entered.,DESKTOP-9VUPE7E Model 927 SN 7115241 Input 1,2025-11-20 09:01:25,539.0,549.0,1.8215,16384,170150
11.20_2_with 12.5.Spe,11.20_2_with 12.5.root,No sample description was entered.,DESKTOP-9VUPE7E Model 927 SN 7115241 Input 1,2025-11-20 09:11:26,493.0,502.0,1.7928,16384,143767
11.20_3_with 12.5.Spe,11.20_3_with 12.5.root,No sample description was entered.,DESKTOP-9VUPE7E Model 927 SN 7115241 Input 1,2025-11-20 09:20:52,529.0,537.0,1.4898,16384,137194
11.20_4_with 12.5.Spe,11.20_4_with 12.5.root,No sample description was entered.,DESKTOP-9VUPE7E Model 927 SN 7115241 Input 1,2025-11-20 09:30:56,547.0,555.0,1.4414,16384,138252
11.21_1_with 12.5.Spe,11.21_1_with 12.5.root,No sample description was entered.,DESKTOP-9VUPE7E Model 927 SN 7115241 Input 1,2025-11-21 09:11:01,592.0,602.0,1.6611,16384,173989
11.21_2_with 12.5.Spe,11.21_2_with 12.5.root,No sample description was entered.,DESKTOP-9VUPE7E Model 927 SN 7115241 Input 1,2025-11-21 09:22:03,597.0,606.0,1.4851,16384,161105
11.21_3_with 12.5.Spe,11.21_3_with 12.5.root,No sample description was entered.,DESKTOP-9VUPE7E Model 927 SN 7115241 Input 1,2025-11-21 09:33:52,630.0,639.0,1.4085,16384,148163
11.21_4_with 12.5.Spe,11.21_4_with 12.5.root,No sample description was entered.,DESKTOP-9VUPE7E Model 927 SN 7115241 Input 1,2025-11-21 09:45:33,647.0,655.0,1.2214,16384,148722
11.22_1_with 12.5.Spe,11.22_1_with 12.5.root,No sample description was entered.,DESKTOP-9VUPE7E Model 927 SN 7115241 Input 1,2025-11-22 11:00:41,608.0,617.0,1.4587,16384,165964
11.22_2_with 12.5.Spe,11.22_2_with 12.5.root,No sample description was entered.,DESKTOP-9VUPE7E Model 927 SN 7115241 Input 1,2025-11-22 11:12:00,601.0,610.0,1.4754,16384,149074
11.22_3_with 12.5.Spe,11.22_3_with 12.5.root,No sample description was entered.,DESKTOP-9VUPE7E Model 927 SN 7115241 Input 1,2025-11-22 11:23:08,613.0,621.0,1.2882,16384,132562
11.22_4_with 12.5.Spe,11.22_4_with 12.5.root,No sample description was entered.,DESKTOP-9VUPE7E Model 927 SN 7115241 Input 1,2025-11-22 11:34:24,578.0,585.0,1.1966,16384,121672
11.23_1_with 12.5.Spe,11.23_1_with 12.5.root,No sample description was entered.,DESKTOP-9VUPE7E Model 927 SN 7115241 Input 1,2025-11-23 13:00:53,888.0,901.0,1.4428,16384,226755
11.23_2_with 12.5.Spe,11.23_2_with 12.5.root,No sample description was entered.,DESKTOP-9VUPE7E Model 927 SN 7115241 Input 1,2025-11-23 13:17:03,1071.0,1086.0,1.3812,16384,245403
11.23_3_with 12.5.Spe,11.23_3_with 12.5.root,No sample description was entered.,DESKTOP-9VUPE7E Model 927 SN 7115241 Input 1,2025-11-23 13:36:07,1001.0,1013.0,1.1846,16384,198349
11.23_4_with 12.5.Spe,11.23_4_with 12.5.root,No sample description was entered.,DESKTOP-9VUPE7E Model 927 SN 7115241 Input 1,2025-11-23 13:54:05,915.0,925.0,1.0811,16384,175283
11.24_1_with 12.5.Spe,11.24_1_with 12.5.root,No sample description was entered.,DESKTOP-9VUPE7E Model 927 SN 7115241 Input 1,2025-11-24 09:15:35,900.0,913.0,1.4239,16384,218539
11.24_2_with 12.5.Spe,11.24_2_with 12.5.root,No sample description was entered.,DESKTOP-9VUPE7E Model 927 SN 7115241 Input 1,2025-11-24 09:31:56,901.0,912.0,1.2061,16384,194346
11.24_3_with 12.5.Spe,11.24_3_with 12.5.root,No sample description was entered.,DESKTOP-9VUPE7E Model 927 SN 7115241 Input 1,2025-11-24 09:48:08,972.0,982.0,1.0183,16384,179254
11.24_4_with 12.5.Spe,11.24_4_with 12.5.root,No sample description was entered.,DESKTOP-9VUPE7E Model 927 SN 7115241 Input 1,2025-11-24 10:05:27,943.0,953.0,1.0493,16384,169695
11.25_1_with 0.Spe,11.25_1_with 0.root,No sample description was entered.,DESKTOP-9VUPE7E Model 927 SN 7115241 Input 1,2025-11-25 10:47:17,407.0,422.0,3.5545,16384,260929
11.25_1_with 12.5.Spe,11.25_1_with 12.5.root,No sample description was entered.,DESKTOP-9VUPE7E Model 927 SN 7115241 Input 1,2025-11-25 09:20:43,952.0,964.0,1.2448,16384,217530
11.25_2_with 0.Spe,11.25_2_with 0.root,No sample description was entered.,DESKTOP-9VUPE7E Model 927 SN 7115241 Input 1,2025-11-25 10:40:33,329.0,341.0,3.5191,16384,188407
11.25_2_with 12.5.Spe,11.25_2_with 12.5.root,No sample description was entered.,DESKTOP-9VUPE7E Model 927 SN 7115241 Input 1,2025-11-25 09:38:01,904.0,915.0,1.2022,16384,183701
11.25_3_with 0.Spe,11.25_3_with 0.root,No sample description was entered.,DESKTOP-9VUPE7E Model 927 SN 7115241 Input 1,2025-11-25 10:34:10,305.0,314.0,2.8662,16384,145374
11.25_3_with 12.5.Spe,11.25_3_with 12.5.root,No sample description was entered.,DESKTOP-9VUPE7E Model 927 SN 7115241 Input 1,2025-11-25 09:54:19,882.0,891.0,1.0101,16384,150858
11.25_4_with 0.Spe,11.25_4_with 0.root,No sample description was entered.,DESKTOP-9VUPE7E Model 927 SN 7115241 Input 1,2025-11-25 10:27:09,331.0,341.0,2.9326,16384,154009
11.25_4_with 12.5.Spe,11.25_4_with 12.5.root,No sample description was entered.,DESKTOP-9VUPE7E Model 927 SN 7115241 Input 1,2025-11-25 10:10:13,925.0,934.0,0.9636,16384,154410
11.26_1_with 0.Spe,11.26_1_with 0.root,No sample description was entered.,DESKTOP-9VUPE7E Model 927 SN 7115241 Input 1,2025-11-26 09:20:54,441.0,457.0,3.5011,16384,269060
11.26_1_with 12.5.Spe,11.26_1_with 12.5.root,No sample description was entered.,DESKTOP-9VUPE7E Model 927 SN 7115241 Input 1,2025-11-26 11:04:12,1180.0,1195.0,1.2552,16384,255645
11.26_2_with 0.Spe,11.26_2_with 0.root,No sample description was entered.,DESKTOP-9VUPE7E Model 927 SN 7115241 Input 1,2025-11-26 09:29:44,431.0,445.0,3.1461,16384,231633
11.26_2_with 12.5.Spe,11.26_2_with 12.5.root,No sample description was entered.,DESKTOP-9VUPE7E Model 927 SN 7115241 Input 1,2025-11-26 10:43:12,1188.0,1202.0,1.1647,16384,226784
11.26_3_with 0.Spe,11.26_3_with 0.root,No sample description was entered.,DESKTOP-9VUPE7E Model 927 SN 7115241 Input 1,2025-11-26 09:38:25,420.0,431.0,2.5522,16384,187447
11.26_3_with 12.5.Spe,11.26_3_with 12.5.root,No sample description was entered.,DESKTOP-9VUPE7E Model 927 SN 7115241 Input 1,2025-11-26 10:22:29,1166.0,1177.0,0.9346,16384,185839
11.26_4_with 0.Spe,11.26_4_with 0.root,No sample description was entered.,DESKTOP-9VUPE7E Model 927 SN 7115241 Input 1,2025-11-26 09:53:19,451.0,463.0,2.5918,16384,195803
11.26_4_with 12.5.Spe,11.26_4_with 12.5.root,No sample description was entered.,DESKTOP-9VUPE7E Model 927 SN 7115241 Input 1,2025-11-26 10:02:17,1124.0,1134.0,0.8818,16384,175158
11.27_1_with 0.Spe,11.27_1_with 0.root,No sample description was entered.,DESKTOP-9VUPE7E Model 927 SN 7115241 Input 1,2025-11-27 11:28:58,428.0,443.0,3.3860,16384,247981
11.27_1_with 12.5.Spe,11.27_1_with 12.5.root,No sample description was entered.,DESKTOP-9VUPE7E Model 927 SN 7115241 Input 1,2025-11-27 09:20:50,1214.0,1229.0,1.2205,16384,252122
11.27_2_with 0.Spe,11.27_2_with 0.root,No sample description was entered.,DESKTOP-9VUPE7E Model 927 SN 7115241 Input 1,2025-11-27 11:19:03,515.0,531.0,3.0132,16384,259228
11.27_2_with 12.5.Spe,11.27_2_with 12.5.root,No sample description was entered.,DESKTOP-9VUPE7E Model 927 SN 7115241 Input 1,2025-11-27 09:42:31,1455.0,1471.0,1.0877,16384,262248
11.27_3_with 0.Spe,11.27_3_with 0.root,No sample description was entered.,DESKTOP-9VUPE7E Model 927 SN 7115241 Input 1,2025-11-27 11:11:55,354.0,363.0,2.4793,16384,146641
11.27_3_with 12.5.Spe,11.27_3_with 12.5.root,No sample description was entered.,DESKTOP-9VUPE7E Model 927 SN 7115241 Input 1,2025-11-27 10:08:10,1997.0,2015.0,0.8933,16384,299261
11.27_4_with 0.Spe,11.27_4_with 0.root,No sample description was entered.,DESKTOP-9VUPE7E Model 927 SN 7115241 Input 1,2025-11-27 11:04:45,348.0,357.0,2.5210,16384,139690
11.27_4_with 12.5.Spe,11.27_4_with 12.5.root,No sample description was entered.,DESKTOP-9VUPE7E Model 927 SN 7115241 Input 1,2025-11-27 10:42:57,1243.0,1254.0,0.8772,16384,181033
11.28_1_with 0.Spe,11.28_1_with 0.root,No sample description was entered.,DESKTOP-9VUPE7E Model 927 SN 7115241 Input 1,2025-11-28 09:42:15,641.0,662.0,3.1722,16384,354088
11.28_1_with 12.5.Spe,11.28_1_with 12.5.root,No sample description was entered.,DESKTOP-9VUPE7E Model 927 SN 7115241 Input 1,2025-11-28 11:37:10,1210.0,1224.0,1.1438,16384,238232
11.28_2_with 0.Spe,11.28_2_with 0.root,No sample description was entered.,DESKTOP-9VUPE7E Model 927 SN 7115241 Input 1,2025-11-28 09:54:25,705.0,725.0,2.7586,16384,336217
11.28_2_with 12.5.Spe,11.28_2_with 12.5.root,No sample description was entered.,DESKTOP-9VUPE7E Model 927 SN 7115241 Input 1,2025-11-28 11:16:27,1169.0,1181.0,1.0161,16384,198790
11.28_3_with 0.Spe,11.28_3_with 0.root,No sample description was entered.,DESKTOP-9VUPE7E Model 927 SN 7115241 Input 1,2025-11-28 10:07:34,556.0,569.0,2.2847,16384,217158
11.28_3_with 12.5.Spe,11.28_3_with 12.5.root,No sample description was entered.,DESKTOP-9VUPE7E Model 927 SN 7115241 Input 1,2025-11-28 10:51:17,1427.0,1439.0,0.8339,16384,200738
11.28_4_with 0.Spe,11.28_4_with 0.root,No sample description was entered.,DESKTOP-9VUPE7E Model 927 SN 7115241 Input 1,2025-11-28 10:18:10,613.0,627.0,2.2329,16384,231187
11.28_4_with 12.5.Spe,11.28_4_with 12.5.root,No sample description was entered.,DESKTOP-9VUPE7E Model 927 SN 7115241 Input 1,2025-11-28 10:29:47,1220.0,1230.0,0.8130,16384,167886
11.29_1_with 0.Spe,11.29_1_with 0.root,No sample description was entered.,DESKTOP-9VUPE7E Model 927 SN 7115241 Input 1,2025-11-29 09:54:57,814.0,839.0,2.9797,16384,430558
11.29_2_with 0.Spe,11.29_2_with 0.root,No sample description was entered.,DESKTOP-9VUPE7E Model 927 SN 7115241 Input 1,2025-11-29 10:10:20,604.0,621.0,2.7375,16384,274376
11.29_3_with 0.Spe,11.29_3_with 0.root,No sample description was entered.,DESKTOP-9VUPE7E Model 927 SN 7115241 Input 1,2025-11-29 10:22:12,633.0,647.0,2.1638,16384,232980
11.29_4_with 0.Spe,11.29_4_with 0.root,No sample description was entered.,DESKTOP-9VUPE7E Model 927 SN 7115241 Input 1,2025-11-29 10:34:10,584.0,597.0,2.1776,16384,207629
11.30_1_with 0.Spe,11.30_1_with 0.root,No sample description was entered.,DESKTOP-9VUPE7E Model 927 SN 7115241 Input 1,2025-11-30 13:11:33,897.0,924.0,2.9221,16384,453146
11.30_2_with 0.Spe,11.30_2_with 0.root,No sample description was entered.,DESKTOP-9VUPE7E Model 927 SN 7115241 Input 1,2025-11-30 13:28:03,735.0,754.0,2.5199,16384,315688
11.30_3_with 0.Spe,11.30_3_with 0.root,No sample description was entered.,DESKTOP-9VUPE7E Model 927 SN 7115241 Input 1,2025-11-30 13:41:19,857.0,875.0,2.0571,16384,294414
11.30_4_with 0.Spe,11.30_4_with 0.root,No sample description was entered.,DESKTOP-9VUPE7E Model 927 SN 7115241 Input 1,2025-11-30 14:00:05,785.0,801.0,1.9975,16384,260895
12.01_1_with 0.Spe,12.01_1_with 0.root,No sample description was entered.,DESKTOP-9VUPE7E Model 927 SN 7115241 Input 1,2025-12-01 10:44:32,728.0,749.0,2.8037,16384,355591
12.01_1_with 0_L1.Spe,12.01_1_with 0_L1.root,No sample description was entered.,DESKTOP-9VUPE7E Model 927 SN 7115241 Input 1,2025-12-01 10:58:25,671.0,691.0,2.8944,16384,327166
12.01_2_with 0.Spe,12.01_2_with 0.root,No sample description was entered.,DESKTOP-9VUPE7E Model 927 SN 7115241 Input 1,2025-12-01 11:24:26,753.0,772.0,2.4611,16384,309921
12.01_2_with 0_L1.Spe,12.01_2_with 0_L1.root,No sample description was entered.,DESKTOP-9VUPE7E Model 927 SN 7115241 Input 1,2025-12-01 11:11:37,690.0,707.0,2.4045,16384,285583
12.01_3_with 0.Spe,12.01_3_with 0.root,No sample description was entered.,DESKTOP-9VUPE7E Model 927 SN 7115241 Input 1,2025-12-01 11:38:44,874.0,891.0,1.9080,16384,287120
12.01_4_with 0.Spe,12.01_4_with 0.root,No sample description was entered.,DESKTOP-9VUPE7E Model 927 SN 7115241 Input 1,2025-12-01 11:54:37,1660.0,1692.0,1.8913,16384,525115
12.02_1_with 0.Spe,12.02_1_with 0.root,No sample description was entered.,DESKTOP-9VUPE7E Model 927 SN 7115241 Input 1,2025-12-02 10:32:23,1012.0,1041.0,2.7858,16384,477386
12.02_1_with 0_0.5.Spe,12.02_1_with 0_0.5.root,No sample description was entered.,DESKTOP-9VUPE7E Model 927 SN 7115241 Input 1,2025-12-02 12:54:52,672.0,711.0,5.4852,16384,637518
12.02_2_with 0.Spe,12.02_2_with 0.root,No sample description was entered.,DESKTOP-9VUPE7E Model 927 SN 7115241 Input 1,2025-12-02 10:50:46,972.0,995.0,2.3116,16384,385440
12.02_2_with 0_0.5.Spe,12.02_2_with 0_0.5.root,No sample description was entered.,DESKTOP-9VUPE7E Model 927 SN 7115241 Input 1,2025-12-02 12:43:38,582.0,610.0,4.5902,16384,466032
12.02_3_with 0.Spe,12.02_3_with 0.root,No sample description was entered.,DESKTOP-9VUPE7E Model 927 SN 7115241 Input 1,2025-12-02 11:08:22,1022.0,1041.0,1.8252,16384,317384
12.02_3_with 0_0.5.Spe,12.02_3_with 0_0.5.root,No sample description was entered.,DESKTOP-9VUPE7E Model 927 SN 7115241 Input 1,2025-12-02 12:32:59,557.0,579.0,3.7997,16384,350030
12.02_4_with 0.Spe,12.02_4_with 0.root,No sample description was entered.,DESKTOP-9VUPE7E Model 927 SN 7115241 Input 1,2025-12-02 11:26:41,1538.0,1566.0,1.7880,16384,461464
12.02_4_with 0_0.5.Spe,12.02_4_with 0_0.5.root,No sample description was entered.,DESKTOP-9VUPE7E Model 927 SN 7115241 Input 1,2025-12-02 12:17:43,726.0,754.0,3.7135,16384,441878
12.03_1_with 0.Spe,12.03_1_with 0.root,No sample description was entered.,DESKTOP-9VUPE7E Model 927 SN 7115241 Input 1,2025-12-03 11:59:23,977.0,1004.0,2.6892,16384,442127
12.03_1_with 0_0.5.Spe,12.03_1_with 0_0.5.root,No sample description was entered.,DESKTOP-9VUPE7E Model 927 SN 7115241 Input 1,2025-12-03 09:47:26,877.0,927.0,5.3937,16384,807939
12.03_2_with 0.Spe,12.03_2_with 0.root,No sample description was entered.,DESKTOP-9VUPE7E Model 927 SN 7115241 Input 1,2025-12-03 11:40:27,1048.0,1072.0,2.2388,16384,398121
12.03_2_with 0_0.5.Spe,12.03_2_with 0_0.5.root,No sample description was entered.,DESKTOP-9VUPE7E Model 927 SN 7115241 Input 1,2025-12-03 10:04:20,915.0,959.0,4.5881,16384,705673
12.03_3_with 0.Spe,12.03_3_with 0.root,No sample description was entered.,DESKTOP-9VUPE7E Model 927 SN 7115241 Input 1,2025-12-03 11:21:59,1023.0,1042.0,1.8234,16384,304890
12.03_3_with 0_0.5.Spe,12.03_3_with 0_0.5.root,No sample description was entered.,DESKTOP-9VUPE7E Model 927 SN 7115241 Input 1,2025-12-03 10:21:16,1089.0,1130.0,3.6283,16384,655093
12.03_4_with 0.Spe,12.03_4_with 0.root,No sample description was entered.,DESKTOP-9VUPE7E Model 927 SN 7115241 Input 1,2025-12-03 11:03:27,1021.0,1039.0,1.7324,16384,292805
12.03_4_with 0_0.5.Spe,12.03_4_with 0_0.5.root,No sample description was entered.,DESKTOP-9VUPE7E Model 927 SN 7115241 Input 1,2025-12-03 10:41:17,1230.0,1274.0,3.4537,16384,713000
12.04_1_with 0.Spe,12.04_1_with 0.root,No sample description was entered.,DESKTOP-9VUPE7E Model 927 SN 7115241 Input 1,2025-12-04 10:37:03,1093.0,1122.0,2.5847,16384,481561
12.04_1_with 0_0.5.Spe,12.04_1_with 0_0.5.root,No sample description was entered.,DESKTOP-9VUPE7E Model 927 SN 7115241 Input 1,2025-12-04 12:44:02,903.0,952.0,5.1471,16384,801961
12.04_2_with 0.Spe,12.04_2_with 0.root,No sample description was entered.,DESKTOP-9VUPE7E Model 927 SN 7115241 Input 1,2025-12-04 10:56:50,1104.0,1129.0,2.2143,16384,405082
12.04_2_with 0_0.5.Spe,12.04_2_with 0_0.5.root,No sample description was entered.,DESKTOP-9VUPE7E Model 927 SN 7115241 Input 1,2025-12-04 12:30:30,724.0,757.0,4.3593,16384,537345
12.04_3_with 0.Spe,12.04_3_with 0.root,No sample description was entered.,DESKTOP-9VUPE7E Model 927 SN 7115241 Input 1,2025-12-04 11:16:42,1509.0,1536.0,1.7578,16384,428858
12.04_3_with 0_0.5.Spe,12.04_3_with 0_0.5.root,No sample description was entered.,DESKTOP-9VUPE7E Model 927 SN 7115241 Input 1,2025-12-04 12:17:45,681.0,706.0,3.5411,16384,391759
12.04_4_with 0.Spe,12.04_4_with 0.root,No sample description was entered.,DESKTOP-9VUPE7E Model 927 SN 7115241 Input 1,2025-12-04 11:43:17,1292.0,1313.0,1.5994,16384,353044
12.04_4_with 0_0.5.Spe,12.04_4_with 0_0.5.root,No sample description was entered.,DESKTOP-9VUPE7E Model 927 SN 7115241 Input 1,2025-12-04 12:05:55,624.0,646.0,3.4056,16384,344485
12.05_1_with 0.Spe,12.05_1_with 0.root,No sample description was entered.,DESKTOP-9VUPE7E Model 927 SN 7115241 Input 1,2025-12-05 12:17:27,1293.0,1326.0,2.4887,16384,552026
12.05_1_with 0_0.5.Spe,12.05_1_with 0_0.5.root,No sample description was entered.,DESKTOP-9VUPE7E Model 927 SN 7115241 Input 1,2025-12-05 10:08:05,706.0,743.0,4.9798,16384,610602
12.05_2_with 0.Spe,12.05_2_with 0.root,No sample description was entered.,DESKTOP-9VUPE7E Model 927 SN 7115241 Input 1,2025-12-05 11:49:19,1576.0,1610.0,2.1118,16384,559368
12.05_2_with 0_0.5.Spe,12.05_2_with 0_0.5.root,No sample description was entered.,DESKTOP-9VUPE7E Model 927 SN 7115241 Input 1,2025-12-05 10:21:36,674.0,704.0,4.2614,16384,483887
12.05_3_with 0.Spe,12.05_3_with 0.root,No sample description was entered.,DESKTOP-9VUPE7E Model 927 SN 7115241 Input 1,2025-12-05 11:27:50,1213.0,1234.0,1.7018,16384,332219
12.05_3_with 0_0.5.Spe,12.05_3_with 0_0.5.root,No sample description was entered.,DESKTOP-9VUPE7E Model 927 SN 7115241 Input 1,2025-12-05 10:34:13,708.0,733.0,3.4106,16384,391921
12.05_4_with 0.Spe,12.05_4_with 0.root,No sample description was entered.,DESKTOP-9VUPE7E Model 927 SN 7115241 Input 1,2025-12-05 11:05:28,1264.0,1285.0,1.6342,16384,334155
12.05_4_with 0_0.5.Spe,12.05_4_with 0_0.5.root,No sample description was entered.,DESKTOP-9VUPE7E Model 927 SN 7115241 Input 1,2025-12-05 10:47:22,999.0,1033.0,3.2914,16384,532014
12.06_1_with 0_0.5.Spe,12.06_1_with 0_0.5.root,No sample description was entered.,DESKTOP-9VUPE7E Model 927 SN 7115241 Input 1,2025-12-06 11:01:17,845.0,888.0,4.8423,16384,709097
12.06_2_with 0_0.5.Spe,12.06_2_with 0_0.5.root,No sample description was entered.,DESKTOP-9VUPE7E Model 927 SN 7115241 Input 1,2025-12-06 11:17:08,880.0,917.0,4.0349,16384,610503
12.06_3_with 0_0.5.Spe,12.06_3_with 0_0.5.root,No sample description was entered.,DESKTOP-9VUPE7E Model 927 SN 7115241 Input 1,2025-12-06 11:33:22,874.0,903.0,3.2115,16384,463710
12.06_4_with 0_0.5.Spe,12.06_4_with 0_0.5.root,No sample description was entered.,DESKTOP-9VUPE7E Model 927 SN 7115241 Input 1,2025-12-06 11:49:27,861.0,889.0,3.1496,16384,440005
12.07_1_with 0_0.5.Spe,12.07_1_with 0_0.5.root,No sample description was entered.,DESKTOP-9VUPE7E Model 927 SN 7115241 Input 1,2025-12-07 11:07:05,829.0,870.0,4.7126,16384,675411
12.07_2_with 0_0.5.Spe,12.07_2_with 0_0.5.root,No sample description was entered.,DESKTOP-9VUPE7E Model 927 SN 7115241 Input 1,2025-12-07 11:22:40,986.0,1027.0,3.9922,16384,661982
12.07_3_with 0_0.5.Spe,12.07_3_with 0_0.5.root,No sample description was entered.,DESKTOP-9VUPE7E Model 927 SN 7115241 Input 1,2025-12-07 11:40:47,1265.0,1305.0,3.0651,16384,646476
12.07_4_with 0_0.5.Spe,12.07_4_with 0_0.5.root,No sample description was entered.,DESKTOP-9VUPE7E Model 927 SN 7115241 Input 1,2025-12-07 12:03:36,986.0,1017.0,3.0482,16384,485322
12.08_1_with 0_0.5.Spe,12.08_1_with 0_0.5.root,No sample description was entered.,DESKTOP-9VUPE7E Model 927 SN 7115241 Input 1,2025-12-08 11:01:00,749.0,786.0,4.7074,16384,596429
12.08_2_with 0_0.5.Spe,12.08_2_with 0_0.5.root,No sample description was entered.,DESKTOP-9VUPE7E Model 927 SN 7115241 Input 1,2025-12-08 11:15:08,995.0,1036.0,3.9575,16384,650691
12.08_3_with 0_0.5.Spe,12.08_3_with 0_0.5.root,No sample description was entered.,DESKTOP-9VUPE7E Model 927 SN 7115241 Input 1,2025-12-08 11:33:26,1025.0,1057.0,3.0274,16384,504131
12.08_4_with 0_0.5.Spe,12.08_4_with 0_0.5.root,No sample description was entered.,DESKTOP-9VUPE7E Model 927 SN 7115241 Input 1,2025-12-08 11:52:00,1009.0,1039.0,2.8874,16384,479772
12.09_1_with 0_0.5.Spe,12.09_1_with 0_0.5.root,No sample description was entered.,DESKTOP-9VUPE7E Model 927 SN 7115241 Input 1,2025-12-09 11:01:05,1312.0,1374.0,4.5124,16384,1017820
12.09_2_with 0_0.5.Spe,12.09_2_with 0_0.5.root,No sample description was entered.,DESKTOP-9VUPE7E Model 927 SN 7115241 Input 1,2025-12-09 11:25:05,2567.0,2668.0,3.7856,16384,1629696
12.09_3_with 0_0.5.Spe,12.09_3_with 0_0.5.root,No sample description was entered.,DESKTOP-9VUPE7E Model 927 SN 7115241 Input 1,2025-12-09 12:10:46,1213.0,1249.0,2.8823,16384,578006
12.09_4_with 0_0.5.Spe,12.09_4_with 0_0.5.root,No sample description was entered.,DESKTOP-9VUPE7E Model 927 SN 7115241 Input 1,2025-12-09 12:32:40,1027.0,1057.0,2.8382,16384,470346
12.10_1_with 0_0.5.Spe,12.10_1_with 0_0.5.root,No sample description was entered.,DESKTOP-9VUPE7E Model 927 SN 7115241 Input 1,2025-12-10 10:47:53,323.0,339.0,4.7198,16384,246686
12.10_1_with 1_0.5.Spe,12.10_1_with 1_0.5.root,No sample description was entered.,DESKTOP-9VUPE7E Model 927 SN 7115241 Input 1,2025-12-10 11:14:42,977.0,997.0,2.0060,16384,307763
12.10_2_with 0_0.5.Spe,12.10_2_with 0_0.5.root,No sample description was entered.,DESKTOP-9VUPE7E Model 927 SN 7115241 Input 1,2025-12-10 10:54:29,1138.0,1181.0,3.6410,16384,699568
12.10_2_with 1_0.5.Spe,12.10_2_with 1_0.5.root,No sample description was entered.,DESKTOP-9VUPE7E Model 927 SN 7115241 Input 1,2025-12-10 11:43:20,845.0,863.0,2.0857,16384,282359
12.10_3_with 0_0.5.Spe,12.10_3_with 0_0.5.root,No sample description was entered.,DESKTOP-9VUPE7E Model 927 SN 7115241 Input 1,2025-12-10 11:33:15,555.0,571.0,2.8021,16384,255598
12.10_3_with 1_0.5.Spe,12.10_3_with 1_0.5.root,No sample description was entered.,DESKTOP-9VUPE7E Model 927 SN 7115241 Input 1,2025-12-10 12:11:10,820.0,838.0,2.1480,16384,276467
12.10_4_with 0_0.5.Spe,12.10_4_with 0_0.5.root,No sample description was entered.,DESKTOP-9VUPE7E Model 927 SN 7115241 Input 1,2025-12-10 11:58:50,687.0,706.0,2.6912,16384,304487
12.10_4_with 1_0.5.Spe,12.10_4_with 1_0.5.root,No sample description was entered.,DESKTOP-9VUPE7E Model 927 SN 7115241 Input 1,2025-12-10 12:26:18,1954.0,1996.0,2.1042,16384,655769
12.11_1_with 1_0.5.Spe,12.11_1_with 1_0.5.root,No sample description was entered.,DESKTOP-9VUPE7E Model 927 SN 7115241 Input 1,2025-12-11 11:20:03,1423.0,1452.0,1.9972,16384,432460
12.11_2_with 1_0.5.Spe,12.11_2_with 1_0.5.root,No sample description was entered.,DESKTOP-9VUPE7E Model 927 SN 7115241 Input 1,2025-12-11 11:45:47,2053.0,2096.0,2.0515,16384,666839
12.11_3_with 1_0.5.Spe,12.11_3_with 1_0.5.root,No sample description was entered.,DESKTOP-9VUPE7E Model 927 SN 7115241 Input 1,2025-12-11 12:21:52,1487.0,1519.0,2.1066,16384,479384
12.11_4_with 1_0.5.Spe,12.11_4_with 1_0.5.root,No sample description was entered.,DESKTOP-9VUPE7E Model 927 SN 7115241 Input 1,2025-12-11 12:48:20,3476.0,3549.0,2.0569,16384,1122416
12.12_1_with 1_0.5.Spe,12.12_1_with 1_0.5.root,No sample description was entered.,DESKTOP-9VUPE7E Model 927 SN 7115241 Input 1,2025-12-12 11:32:24,1398.0,1425.0,1.8947,16384,410283
12.12_2_with 1_0.5.Spe,12.12_2_with 1_0.5.root,No sample description was entered.,DESKTOP-9VUPE7E Model 927 SN 7115241 Input 1,2025-12-12 11:57:09,1337.0,1364.0,1.9795,16384,421090
12.12_3_with 1_0.5.Spe,12.12_3_with 1_0.5.root,No sample description was entered.,DESKTOP-9VUPE7E Model 927 SN 7115241 Input 1,2025-12-12 12:20:57,1481.0,1511.0,1.9854,16384,459090
12.12_4_with 1_0.5.Spe,12.12_4_with 1_0.5.root,No sample description was entered.,DESKTOP-9VUPE7E Model 927 SN 7115241 Input 1,2025-12-12 12:47:10,1466.0,1496.0,2.0053,16384,456964
12.13_1_with 1_0.5.Spe,12.13_1_with 1_0.5.root,No sample description was entered.,DESKTOP-9VUPE7E Model 927 SN 7115241 Input 1,2025-12-13 12:25:31,1612.0,1642.0,1.8270,16384,457073
12.13_2_with 1_0.5.Spe,12.13_2_with 1_0.5.root,No sample description was entered.,DESKTOP-9VUPE7E Model 927 SN 7115241 Input 1,2025-12-13 12:53:58,1586.0,1617.0,1.9171,16384,482306
12.13_3_with 1_0.5.Spe,12.13_3_with 1_0.5.root,No sample description was entered.,DESKTOP-9VUPE7E Model 927 SN 7115241 Input 1,2025-12-13 13:21:59,1582.0,1613.0,1.9219,16384,475103
12.13_4_with 1_0.5.Spe,12.13_4_with 1_0.5.root,No sample description was entered.,DESKTOP-9VUPE7E Model 927 SN 7115241 Input 1,2025-12-13 13:50:02,1684.0,1717.0,1.9220,16384,510178
12.14_1_with 1_0.5.Spe,12.14_1_with 1_0.5.root,No sample description was entered.,DESKTOP-9VUPE7E Model 927 SN 7115241 Input 1,2025-12-14 17:19:25,1773.0,1805.0,1.7729,16384,484575
12.14_2_with 1_0.5.Spe,12.14_2_with 1_0.5.root,No sample description was entered.,DESKTOP-9VUPE7E Model 927 SN 7115241 Input 1,2025-12-14 17:50:57,1881.0,1917.0,1.8779,16384,544901
12.14_3_with 1_0.5.Spe,12.14_3_with 1_0.5.root,No sample description was entered.,DESKTOP-9VUPE7E Model 927 SN 7115241 Input 1,2025-12-14 18:23:53,3473.0,3539.0,1.8649,16384,1016192
12.14_4_with 1_0.5.Spe,12.14_4_with 1_0.5.root,No sample description was entered.,DESKTOP-9VUPE7E Model 927 SN 7115241 Input 1,2025-12-14 19:24:05,3553.0,3620.0,1.8508,16384,1034537
12.15_1_with 1_0.5.Spe,12.15_1_with 1_0.5.root,No sample description was entered.,DESKTOP-9VUPE7E Model 927 SN 7115241 Input 1,2025-12-15 05:52:26,1895.0,1928.0,1.7116,16384,510403
12.15_2_with 1_0.5.Spe,12.15_2_with 1_0.5.root,No sample description was entered.,DESKTOP-9VUPE7E Model 927 SN 7115241 Input 1,2025-12-15 06:25:45,1824.0,1858.0,1.8299,16384,520923
12.15_3_with 1_0.5.Spe,12.15_3_with 1_0.5.root,No sample description was entered.,DESKTOP-9VUPE7E Model 927 SN 7115241 Input 1,2025-12-15 06:57:55,2290.0,2333.0,1.8431,16384,660259
12.15_4_with 1_0.5.Spe,12.15_4_with 1_0.5.root,No sample description was entered.,DESKTOP-9VUPE7E Model 927 SN 7115241 Input 1,2025-12-15 07:37:49,1872.0,1907.0,1.8353,16384,537952
12.16_1_with 1_0.5.Spe,12.16_1_with 1_0.5.root,No sample description was entered.,DESKTOP-9VUPE7E Model 927 SN 7115241 Input 1,2025-12-16 17:39:58,3289.0,3344.0,1.6447,16384,849091
12.16_2_with 1_0.5.Spe,12.16_2_with 1_0.5.root,No sample description was entered.,DESKTOP-9VUPE7E Model 927 SN 7115241 Input 1,2025-12-16 18:36:45,1914.0,1949.0,1.7958,16384,521471
12.16_3_with 1_0.5.Spe,12.16_3_with 1_0.5.root,No sample description was entered.,DESKTOP-9VUPE7E Model 927 SN 7115241 Input 1,2025-12-16 19:10:04,2200.0,2239.0,1.7418,16384,606347
12.16_4_with 1_0.5.Spe,12.16_4_with 1_0.5.root,No sample description was entered.,DESKTOP-9VUPE7E Model 927 SN 7115241 Input 1,2025-12-16 19:48:25,2933.0,2985.0,1.7420,16384,807823
12.17_1_with 1_0.5.Spe,12.17_1_with 1_0.5.root,No sample description was entered.,DESKTOP-9VUPE7E Model 927 SN 7115241 Input 1,2025-12-17 12:45:59,2662.0,2706.0,1.6260,16384,673427
12.17_2_with 1_0.5.Spe,12.17_2_with 1_0.5.root,No sample description was entered.,DESKTOP-9VUPE7E Model 927 SN 7115241 Input 1,2025-12-17 13:32:01,1850.0,1882.0,1.7003,16384,495005
12.17_3_with 1_0.5.Spe,12.17_3_with 1_0.5.root,No sample description was entered.,DESKTOP-9VUPE7E Model 927 SN 7115241 Input 1,2025-12-17 14:04:25,1895.0,1928.0,1.7116,16384,512799
12.17_4_with 1_0.5.Spe,12.17_4_with 1_0.5.root,No sample description was entered.,DESKTOP-9VUPE7E Model 927 SN 7115241 Input 1,2025-12-17 14:37:36,1748.0,1779.0,1.7426,16384,471052
12.18_1_with 1_0.5.Spe,12.18_1_with 1_0.5.root,No sample description was entered.,DESKTOP-9VUPE7E Model 927 SN 7115241 Input 1,2025-12-18 18:08:20,2016.0,2049.0,1.6105,16384,493383
12.18_2_with 1_0.5.Spe,12.18_2_with 1_0.5.root,No sample description was entered.,DESKTOP-9VUPE7E Model 927 SN 7115241 Input 1,2025-12-18 18:43:18,3365.0,3423.0,1.6944,16384,871112
12.18_3_with 1_0.5.Spe,12.18_3_with 1_0.5.root,No sample description was entered.,DESKTOP-9VUPE7E Model 927 SN 7115241 Input 1,2025-12-18 19:41:01,2222.0,2260.0,1.6814,16384,584223
12.18_4_with 1_0.5.Spe,12.18_4_with 1_0.5.root,No sample description was entered.,DESKTOP-9VUPE7E Model 927 SN 7115241 Input 1,2025-12-18 20:19:39,3950.0,4017.0,1.6679,16384,1030998
12.19_1_with 1_0.5.Spe,12.19_1_with 1_0.5.root,No sample description was entered.,DESKTOP-9VUPE7E Model 927 SN 7115241 Input 1,2025-12-19 05:25:02,1883.0,1913.0,1.5682,16384,458134
12.19_2_with 1_0.5.Spe,12.19_2_with 1_0.5.root,No sample description was entered.,DESKTOP-9VUPE7E Model 927 SN 7115241 Input 1,2025-12-19 05:58:00,2255.0,2293.0,1.6572,16384,577021
12.19_3_with 1_0.5.Spe,12.19_3_with 1_0.5.root,No sample description was entered.,DESKTOP-9VUPE7E Model 927 SN 7115241 Input 1,2025-12-19 06:37:25,2668.0,2713.0,1.6587,16384,692410
12.19_4_with 1_0.5.Spe,12.19_4_with 1_0.5.root,No sample description was entered.,DESKTOP-9VUPE7E Model 927 SN 7115241 Input 1,2025-12-19 07:23:52,2648.0,2692.0,1.6345,16384,684514
12.20_1_with 1_0.5.Spe,12.20_1_with 1_0.5.root,No sample description was entered.,DESKTOP-9VUPE7E Model 927 SN 7115241 Input 1,2025-12-20 19:40:44,3893.0,3953.0,1.5178,16384,906307
12.20_2_with 1_0.5.Spe,12.20_2_with 1_0.5.root,No sample description was entered.,DESKTOP-9VUPE7E Model 927 SN 7115241 Input 1,2025-12-20 20:47:55,3513.0,3571.0,1.6242,16384,863928
