file,acquired_at,live_time_s,633keV_net,633keV_err,633keV_gross,633keV_bg,633keV_rate,633keV_rate_err,747keV_net,747keV_err,747keV_gross,747keV_bg,747keV_rate,747keV_rate_err
10.11Co57.Spe,2025-10-11 15:25:02,2563.0,10.25,5.45,20.0,9.8,0.003999,0.002128,6.50,3.94,11.0,4.5,0.002536,0.001536
10.12.Spe,2025-10-11 16:29:18,103866.0,3.25,45.35,1030.0,1026.8,0.000031,0.000437,19.00,32.20,528.0,509.0,0.000183,0.000310
10.13.Spe,2025-10-12 21:22:34,69676.0,-45.25,37.08,665.0,710.2,-0.000649,0.000532,-10.50,27.32,368.0,378.5,-0.000151,0.000392
10.14.Spe,2025-10-13 16:44:51,72009.0,-31.50,37.33,681.0,712.5,-0.000437,0.000518,21.50,27.94,401.0,379.5,0.000299,0.000388
10.15.Spe,2025-10-14 12:49:57,71847.0,35.00,37.46,719.0,684.0,0.000487,0.000521,-8.50,26.95,359.0,367.5,-0.000118,0.000375
10.16.Spe,2025-10-15 12:38:53,93366.0,3.50,42.85,920.0,916.5,0.000037,0.000459,-11.00,30.48,459.0,470.0,-0.000118,0.000326
10.17.Spe,2025-10-16 14:35:42,96855.0,1.00,43.14,931.0,930.0,0.000010,0.000445,27.00,31.83,520.0,493.0,0.000279,0.000329
10.18.Spe,2025-10-17 17:30:46,79115.0,-64.50,39.40,744.0,808.5,-0.000815,0.000498,4.50,28.10,397.0,392.5,0.000057,0.000355
10.18_1_with Pb.Spe,2025-10-18 21:22:02,571.0,2346.50,82.91,4610.0,2263.5,4.109457,0.145195,7281.00,98.07,8449.0,1168.0,12.751313,0.171745
10.18_2_with Pb.Spe,2025-10-18 22:29:03,618.0,2549.00,89.22,5255.0,2706.0,4.124595,0.144376,8496.50,105.28,9790.0,1293.5,13.748382,0.170353
10.18_3_with Pb.Spe,2025-10-18 23:03:04,601.0,2552.75,87.23,5081.0,2528.2,4.247504,0.145143,8419.50,104.03,9621.0,1201.5,14.009151,0.173097
10.18_4_with Pb.Spe,2025-10-18 22:47:21,584.0,2561.75,85.83,4964.0,2402.2,4.386558,0.146964,8079.50,102.78,9322.0,1242.5,13.834760,0.176000
10.20_1_with Pb.Spe,2025-10-20 09:28:50,542.0,1709.00,71.15,3386.0,1677.0,3.153137,0.131282,5355.50,84.36,6236.0,880.5,9.880996,0.155645
10.20_2_with Pb.Spe,2025-10-20 09:49:31,582.0,1999.75,76.25,3907.0,1907.2,3.435997,0.131016,6187.50,89.74,7120.0,932.5,10.631443,0.154185
10.20_3_with Pb.Spe,2025-10-20 10:04:28,606.0,2073.50,77.46,4037.0,1963.5,3.421617,0.127827,6581.50,93.03,7618.0,1036.5,10.860561,0.153514
10.20_4_with Pb.Spe,2025-10-20 10:18:47,572.0,1885.50,74.93,3750.0,1864.5,3.296329,0.130996,6183.50,90.00,7142.0,958.5,10.810315,0.157348
10.21_1_with Pb.Spe,2025-10-21 09:04:06,612.0,1679.25,70.57,3330.0,1650.8,2.743873,0.115318,5281.00,83.20,6102.0,821.0,8.629085,0.135955
10.21_2_with Pb.Spe,2025-10-21 09:19:56,617.0,1802.25,72.23,3510.0,1707.8,2.920989,0.117073,5649.00,85.85,6510.0,861.0,9.155592,0.139148
10.21_3_with Pb.Spe,2025-10-21 09:33:54,668.0,1988.50,76.76,3940.0,1951.5,2.976796,0.114904,6290.50,90.21,7214.0,923.5,9.416916,0.135042
10.21_4_with Pb.Spe,2025-10-21 09:49:47,596.0,1799.25,71.67,3468.0,1668.8,3.018876,0.120254,5786.00,85.88,6581.0,795.0,9.708054,0.144100
10.22_1_with Pb.Spe,2025-10-22 09:04:19,574.0,1359.00,63.47,2694.0,1335.0,2.367596,0.110583,4224.50,74.32,4874.0,649.5,7.359756,0.129478
10.22_2_with Pb.Spe,2025-10-22 09:17:46,554.0,1289.50,64.83,2746.0,1456.5,2.327617,0.117016,4417.50,75.83,5084.0,666.5,7.973827,0.136881
10.22_3_with Pb.Spe,2025-10-22 09:31:03,586.0,1516.75,65.75,2920.0,1403.2,2.588311,0.112204,4728.00,78.15,5418.0,690.0,8.068259,0.133368
10.22_4_with Pb.Spe,2025-10-22 09:43:55,592.0,1433.75,65.21,2843.0,1409.2,2.421875,0.110151,4872.50,79.26,5577.0,704.5,8.230574,0.133878
10.23_1_with Pb.Spe,2025-10-23 09:03:31,631.0,1250.75,62.12,2555.0,1304.2,1.982171,0.098451,3874.50,71.77,4513.0,638.5,6.140254,0.113746
10.23_2_with Pb.Spe,2025-10-23 09:18:08,576.0,1259.25,60.85,2481.0,1221.8,2.186198,0.105643,3933.00,72.02,4560.0,627.0,6.828125,0.125036
10.23_3_with Pb.Spe,2025-10-23 09:44:47,558.0,1314.25,59.66,2437.0,1122.8,2.355287,0.106924,3759.50,70.13,4339.0,579.5,6.737455,0.125685
10.23_4_with Pb.Spe,2025-10-23 09:31:43,565.0,1232.75,59.15,2366.0,1133.2,2.181858,0.104698,3898.00,71.04,4472.0,574.0,6.899115,0.125726
10.24_1_with Pb.Spe,2025-10-24 09:03:51,605.0,1055.75,56.43,2120.0,1064.2,1.745041,0.093271,3264.50,65.78,3796.0,531.5,5.395868,0.108733
10.24_2_with Pb.Spe,2025-10-24 09:17:27,580.0,1103.75,56.48,2147.0,1043.2,1.903017,0.097383,3489.50,67.61,4030.0,540.5,6.016379,0.116561
10.24_3_with Pb.Spe,2025-10-24 09:30:13,603.0,1105.75,57.03,2179.0,1073.2,1.833748,0.094575,3707.00,69.25,4251.0,544.0,6.147595,0.114836
10.24_4_with Pb.Spe,2025-10-24 09:43:30,566.0,1153.75,55.54,2119.0,965.2,2.038428,0.098120,3462.50,67.02,3977.0,514.5,6.117491,0.118408
10.25_1_with Pb.Spe,2025-10-25 09:05:06,1225.0,1704.50,74.52,3629.0,1924.5,1.391429,0.060834,5775.00,87.39,6706.0,931.0,4.714286,0.071339
10.25_2_with Pb.Spe,2025-10-25 09:30:03,1185.0,1772.25,75.64,3747.0,1974.8,1.495570,0.063833,5935.00,88.28,6864.0,929.0,5.008439,0.074496
10.25_3_with Pb.Spe,2025-10-25 09:53:15,1162.0,1793.75,74.12,3644.0,1850.2,1.543675,0.063789,5870.50,87.52,6765.0,894.5,5.052065,0.075317
10.25_4_with Pb.Spe,2025-10-25 10:16:15,1190.0,2016.25,75.95,3892.0,1875.8,1.694328,0.063820,6137.50,89.37,7062.0,924.5,5.157563,0.075099
10.26_1_with Pb.Spe,2025-10-26 09:19:45,1440.0,1777.50,75.21,3717.0,1939.5,1.234375,0.052229,5787.00,87.58,6729.0,942.0,4.018750,0.060822
10.26_2_with Pb.Spe,2025-10-26 09:47:45,1444.0,1895.50,77.01,3913.0,2017.5,1.312673,0.053331,6191.00,90.70,7209.0,1018.0,4.287396,0.062814
10.26_3_with Pb.Spe,2025-10-26 10:14:59,1434.0,1936.25,76.52,3896.0,1959.8,1.350244,0.053363,6087.50,89.62,7060.0,972.5,4.245119,0.062499
10.26_4_with Pb.Spe,2025-10-26 10:42:12,1471.0,2082.75,77.07,4011.0,1928.2,1.415874,0.052391,6283.50,90.78,7262.0,978.5,4.271584,0.061711
10.27_1_with Pb.Spe,2025-10-27 09:23:57,1728.0,1925.50,76.78,3910.0,1984.5,1.114294,0.044430,5906.00,89.31,6941.0,1035.0,3.417824,0.051683
10.27_2_with Pb.Spe,2025-10-27 10:04:18,1762.0,2053.00,79.34,4174.0,2121.0,1.165153,0.045029,6387.50,92.40,7463.0,1075.5,3.625142,0.052443
10.27_3_with Pb.Spe,2025-10-27 10:37:47,1732.0,1946.50,77.61,3985.0,2038.5,1.123845,0.044810,6311.50,91.40,7333.0,1021.5,3.644053,0.052773
10.27_4_with Pb.Spe,2025-10-27 11:10:34,1822.0,2089.00,79.72,4222.0,2133.0,1.146542,0.043753,6730.50,94.22,7804.0,1073.5,3.694018,0.051713
10.28_1_with Pb.Spe,2025-10-28 09:24:33,2050.0,1890.25,77.63,3958.0,2067.8,0.922073,0.037866,5955.50,89.48,6981.0,1025.5,2.905122,0.043648
10.28_2_with Pb.Spe,2025-10-28 10:02:35,2054.0,1918.75,78.82,4066.0,2147.2,0.934153,0.038376,6557.50,93.43,7643.0,1085.5,3.192551,0.045485
10.28_3_with Pb.Spe,2025-10-28 10:39:57,2234.0,2240.50,82.45,4519.0,2278.5,1.002910,0.036906,6760.50,95.33,7924.0,1163.5,3.026186,0.042672
10.28_4_with Pb.Spe,2025-10-28 11:20:34,2063.0,2001.00,78.59,4089.0,2088.0,0.969947,0.038097,6657.00,93.39,7689.0,1032.0,3.226854,0.045267
10.29_1_with Cu.Spe,2025-10-29 12:21:49,291.0,4040.50,79.22,5158.0,1117.5,13.884880,0.272227,5507.00,79.42,5907.0,400.0,18.924399,0.272909
10.29_1_with Pb.Spe,2025-10-29 09:33:12,1726.0,1378.00,66.66,2911.0,1533.0,0.798378,0.038623,4248.50,76.01,5013.0,764.5,2.461472,0.044038
10.29_2_with Cu.Spe,2025-10-29 12:13:24,298.0,4295.50,82.79,5575.0,1279.5,14.414430,0.277825,5976.00,82.64,6403.0,427.0,20.053691,0.277328
10.29_2_with Pb.Spe,2025-10-29 10:05:15,1763.0,1505.75,68.22,3080.0,1574.2,0.854084,0.038697,4752.00,79.44,5531.0,779.0,2.695406,0.045057
10.29_3_with Cu.Spe,2025-10-29 12:05:11,280.0,4173.50,80.02,5288.0,1114.5,14.905357,0.285770,5851.00,81.53,6249.0,398.0,20.896429,0.291175
10.29_3_with Pb.Spe,2025-10-29 10:37:38,1792.0,1429.25,68.95,3092.0,1662.8,0.797573,0.038479,4786.00,79.66,5566.0,780.0,2.670759,0.044454
10.29_4_with 9.5.Spe,2025-10-29 11:47:59,23.0,5106.00,75.93,5436.0,330.0,222.000000,3.301486,5838.00,77.86,5950.0,112.0,253.826087,3.385167
10.29_4_with Cu.Spe,2025-10-29 11:57:06,293.0,4319.00,81.57,5486.0,1167.0,14.740614,0.278382,6008.00,82.78,6430.0,422.0,20.505119,0.282515
10.29_4_with Pb.Spe,2025-10-29 11:10:09,1955.0,1535.00,70.69,3266.0,1731.0,0.785166,0.036158,5282.00,83.59,6135.0,853.0,2.701790,0.042759
10.30_1_with Cu.Spe,2025-10-30 09:20:47,333.0,3859.25,78.44,5006.0,1146.8,11.589339,0.235554,5588.00,80.31,6019.0,431.0,16.780781,0.241177
10.30_1_with Pb.Spe,2025-10-30 11:06:08,1587.0,1010.00,59.26,2261.0,1251.0,0.636421,0.037342,3314.50,67.55,3939.0,624.5,2.088532,0.042567
10.30_2_with Cu.Spe,2025-10-30 09:12:12,334.0,4151.25,80.32,5301.0,1149.8,12.428892,0.240469,5982.50,82.52,6396.0,413.5,17.911677,0.247065
10.30_2_with Pb.Spe,2025-10-30 10:47:49,2358.0,1810.25,73.44,3602.0,1791.8,0.767706,0.031146,5328.00,84.51,6235.0,907.0,2.259542,0.035840
10.30_3_with Cu.Spe,2025-10-30 09:29:12,330.0,4307.00,81.49,5474.0,1167.0,13.051515,0.246946,5836.00,81.69,6255.0,419.0,17.684848,0.247559
10.30_3_with Pb.Spe,2025-10-30 10:20:24,1490.0,1095.00,58.20,2241.0,1146.0,0.734899,0.039059,3396.50,67.46,3974.0,577.5,2.279530,0.045278
10.30_4_with Cu.Spe,2025-10-30 09:37:23,331.0,4328.00,81.47,5483.0,1155.0,13.075529,0.246145,6078.00,82.92,6477.0,399.0,18.362538,0.250519
10.30_4_with Pb.Spe,2025-10-30 09:46:50,1792.0,1344.00,63.73,2703.0,1359.0,0.750000,0.035566,4331.00,75.20,4993.0,662.0,2.416853,0.041964
10.31_1_with Cu.Spe,2025-10-31 11:41:59,378.0,3675.00,77.01,4803.0,1128.0,9.722222,0.203738,5318.50,78.41,5733.0,414.5,14.070106,0.207423
10.31_1_with Pb.Spe,2025-10-31 09:03:16,1821.0,1006.25,59.24,2258.0,1251.8,0.552581,0.032533,3304.50,67.38,3922.0,617.5,1.814662,0.036999
10.31_2_with Cu.Spe,2025-10-31 11:32:21,367.0,3773.00,77.65,4901.0,1128.0,10.280654,0.211571,5402.00,79.11,5830.0,428.0,14.719346,0.215552
10.31_2_with Pb.Spe,2025-10-31 09:36:21,1787.0,1145.75,59.99,2372.0,1226.2,0.641158,0.033568,3575.50,69.42,4197.0,621.5,2.000839,0.038845
10.31_3_with Cu.Spe,2025-10-31 11:23:38,349.0,3694.25,76.09,4742.0,1047.8,10.585244,0.218024,5319.50,78.37,5731.0,411.5,15.242120,0.224568
10.31_3_with Pb.Spe,2025-10-31 10:08:33,1789.0,1090.50,58.85,2277.0,1186.5,0.609558,0.032896,3561.50,68.91,4155.0,593.5,1.990777,0.038518
10.31_4_with Cu.Spe,2025-10-31 11:14:57,355.0,3868.50,77.55,4941.0,1072.5,10.897183,0.218442,5555.00,79.45,5934.0,379.0,15.647887,0.223815
10.31_4_with Pb.Spe,2025-10-31 10:40:35,1845.0,1223.25,59.71,2394.0,1170.8,0.663008,0.032361,3722.50,70.02,4313.0,590.5,2.017615,0.037954
11.01_1_with Cu.Spe,2025-11-01 09:05:33,476.0,4063.50,80.41,5265.0,1201.5,8.536765,0.168938,5755.00,81.59,6206.0,451.0,12.090336,0.171408
11.01_2_with Cu.Spe,2025-11-01 09:16:47,450.0,4278.75,82.26,5523.0,1244.2,9.508333,0.182807,5975.00,82.90,6424.0,449.0,13.277778,0.184230
11.01_3_with Cu.Spe,2025-11-01 09:26:50,482.0,4548.00,84.11,5811.0,1263.0,9.435685,0.174496,6300.50,84.70,6737.0,436.5,13.071577,0.175719
11.01_4_with Cu.Spe,2025-11-01 09:37:28,541.0,5178.75,89.09,6558.0,1379.2,9.572551,0.164679,7132.00,90.17,7631.0,499.0,13.182994,0.166666
11.02_1_with Cu.Spe,2025-11-02 09:07:20,578.0,4186.00,83.31,5563.0,1377.0,7.242215,0.144129,5863.50,83.17,6390.0,526.5,10.144464,0.143885
11.02_2_with Cu.Spe,2025-11-02 09:19:37,497.0,3928.25,79.07,5090.0,1161.8,7.903924,0.159091,5675.00,81.12,6128.0,453.0,11.418511,0.163226
11.02_4_with Cu.Spe,2025-11-02 09:42:16,274.0,2169.00,58.20,2778.0,609.0,7.916058,0.212401,3088.00,59.40,3308.0,220.0,11.270073,0.216777
11.03_1_with Cu.Spe,2025-11-03 09:03:41,648.0,3991.50,81.71,5334.0,1342.5,6.159722,0.126095,5770.00,81.94,6242.0,472.0,8.904321,0.126449
11.03_2_with Cu.Spe,2025-11-03 09:17:13,576.0,3971.00,79.67,5159.0,1188.0,6.894097,0.138313,5491.00,80.16,5958.0,467.0,9.532986,0.139160
11.03_3_with Cu.Spe,2025-11-03 09:29:26,566.0,3856.50,78.43,5004.0,1147.5,6.813604,0.138572,5497.00,79.33,5895.0,398.0,9.712014,0.140156
11.03_4_with Cu.Spe,2025-11-03 09:41:06,635.0,4403.00,82.81,5630.0,1227.0,6.933858,0.130405,6192.00,84.42,6659.0,467.0,9.751181,0.132938
11.04_1_with Cu.Spe,2025-11-04 09:02:46,766.0,4098.50,82.54,5456.0,1357.5,5.350522,0.107760,5850.00,82.55,6332.0,482.0,7.637076,0.107764
11.04_2_with Cu.Spe,2025-11-04 09:17:59,848.0,4922.25,89.85,6498.0,1575.8,5.804540,0.105960,6968.50,90.19,7551.0,582.5,8.217571,0.106351
11.04_3_with Cu.Spe,2025-11-04 09:35:08,695.0,4049.00,80.42,5258.0,1209.0,5.825899,0.115709,5804.50,81.48,6222.0,417.5,8.351799,0.117242
11.04_3_with Pb.Spe,2025-11-04 11:10:23,4038.0,1334.75,67.05,2915.0,1580.2,0.330547,0.016604,4346.00,76.92,5131.0,785.0,1.076275,0.019048
11.04_4_with Cu.Spe,2025-11-04 09:49:52,734.0,4305.75,82.75,5577.0,1271.2,5.866144,0.112744,6121.50,84.09,6596.0,474.5,8.339918,0.114559
11.04_4_with Pb.Spe,2025-11-04 10:06:40,3677.0,1258.25,63.45,2642.0,1383.8,0.342195,0.017256,3901.50,73.16,4627.0,725.5,1.061055,0.019897
11.05_1_with Cu.Spe,2025-11-05 09:38:18,878.0,3980.00,82.64,5405.0,1425.0,4.533030,0.094127,5685.50,82.08,6211.0,525.5,6.475513,0.093481
11.05_2_with Cu.Spe,2025-11-05 09:55:36,857.0,4186.25,83.93,5615.0,1428.8,4.884772,0.097931,6063.00,84.03,6562.0,499.0,7.074679,0.098051
11.05_3_with Cu.Spe,2025-11-05 10:12:37,779.0,3730.75,78.33,4933.0,1202.2,4.789153,0.100549,5585.00,80.37,6022.0,437.0,7.169448,0.103168
11.05_3_with Pb.Spe,2025-11-05 11:37:35,3073.0,870.50,54.75,1934.0,1063.5,0.283274,0.017816,2784.00,62.19,3326.0,542.0,0.905955,0.020239
11.05_4_with Cu.Spe,2025-11-05 10:28:13,784.0,3970.75,79.54,5149.0,1178.2,5.064732,0.101459,5659.00,80.96,6107.0,448.0,7.218112,0.103269
11.05_4_with Pb.Spe,2025-11-05 10:44:56,2998.0,895.00,54.45,1930.0,1035.0,0.298532,0.018163,2834.50,62.37,3362.0,527.5,0.945464,0.020802
11.06_1_with Cu.Spe,2025-11-06 09:02:49,1023.0,4081.25,82.54,5447.0,1365.8,3.989492,0.080684,5802.00,82.66,6317.0,515.0,5.671554,0.080798
11.06_2_with Cu.Spe,2025-11-06 09:23:33,1138.0,4726.50,89.10,6333.0,1606.5,4.153339,0.078299,6746.00,89.14,7346.0,600.0,5.927944,0.078331
11.06_3_with Cu.Spe,2025-11-06 09:45:07,897.0,4059.00,79.96,5226.0,1167.0,4.525084,0.089137,5520.50,80.22,5978.0,457.5,6.154404,0.089433
11.06_3_with Pb.Spe,2025-11-06 11:27:25,4188.0,1050.25,59.76,2311.0,1260.8,0.250776,0.014270,3173.50,66.71,3812.0,638.5,0.757760,0.015929
11.06_4_with Cu.Spe,2025-11-06 10:02:38,871.0,3675.25,77.53,4843.0,1167.8,4.219575,0.089012,5538.50,79.52,5931.0,392.5,6.358783,0.091298
11.06_4_with Pb.Spe,2025-11-06 10:20:51,3628.0,981.00,55.24,2016.0,1035.0,0.270397,0.015225,2910.00,62.80,3427.0,517.0,0.802095,0.017310
11.07_1_with Cu.Spe,2025-11-07 09:02:50,1285.0,4332.00,87.02,5952.0,1620.0,3.371206,0.067718,6110.00,85.85,6740.0,630.0,4.754864,0.066808
11.07_2_with Cu.Spe,2025-11-07 09:27:33,1089.0,3991.75,81.46,5314.0,1322.2,3.665519,0.074805,5531.50,80.85,6034.0,502.5,5.079431,0.074241
11.07_3_with Cu.Spe,2025-11-07 09:48:12,1133.0,4162.25,82.16,5456.0,1293.8,3.673654,0.072513,5836.00,82.47,6319.0,483.0,5.150927,0.072793
11.07_4_with Cu.Spe,2025-11-07 10:09:31,1127.0,4106.25,82.11,5424.0,1317.8,3.643523,0.072856,5764.50,81.84,6231.0,466.5,5.114907,0.072616
11.08_1_with Cu.Spe,2025-11-08 09:02:59,1353.0,3877.50,82.40,5334.0,1456.5,2.865854,0.060905,5446.50,81.34,6031.0,584.5,4.025499,0.060115
11.08_2_with Cu.Spe,2025-11-08 09:28:28,1332.0,4172.50,84.03,5617.0,1444.5,3.132508,0.063088,5867.50,83.45,6416.0,548.5,4.405030,0.062653
11.08_3_with Cu.Spe,2025-11-08 09:53:27,1364.0,4302.50,83.63,5648.0,1345.5,3.154326,0.061310,6065.50,84.25,6582.0,516.5,4.446848,0.061769
11.08_4_with Cu.Spe,2025-11-08 10:18:45,1608.0,5103.25,91.32,6721.0,1617.8,3.173663,0.056789,7287.00,91.94,7870.0,583.0,4.531716,0.057177
11.09_1_with Cu.Spe,2025-11-09 09:47:47,1624.0,4073.50,84.62,5617.0,1543.5,2.508313,0.052106,5554.00,82.61,6189.0,635.0,3.419951,0.050867
11.09_2_with Cu.Spe,2025-11-09 10:22:36,1875.0,4892.25,92.00,6678.0,1785.8,2.609200,0.049066,6854.00,90.71,7541.0,687.0,3.655467,0.048378
11.09_3_with Cu.Spe,2025-11-09 10:56:29,1512.0,3973.25,81.77,5330.0,1356.8,2.627811,0.054082,5612.00,81.22,6104.0,492.0,3.711640,0.053714
11.09_4_with Cu.Spe,2025-11-09 11:24:11,1519.0,4158.00,81.79,5424.0,1266.0,2.737327,0.053846,5751.50,82.31,6263.0,511.5,3.786373,0.054185
11.10_1_with 12.5.Spe,2025-11-10 13:11:16,246.0,6630.25,88.90,7267.0,636.8,26.952236,0.361394,7394.00,88.70,7631.0,237.0,30.056911,0.360576
11.10_1_with 12.5_1_L.Spe,2025-11-10 17:28:28,495.0,6235.75,86.29,6841.0,605.2,12.597475,0.174327,6926.50,86.10,7170.0,243.5,13.992929,0.173943
11.10_1_with 12.5_1_R.Spe,2025-11-10 17:18:51,513.0,6792.25,90.38,7480.0,687.8,13.240253,0.176171,7517.50,89.32,7748.0,230.5,14.653996,0.174118
11.10_1_with 12.5_4_L.Spe,2025-11-10 16:46:04,646.0,8366.75,99.69,9152.0,785.2,12.951625,0.154312,9378.00,100.06,9695.0,317.0,14.517028,0.154892
11.10_1_with 12.5_4_R.Spe,2025-11-10 16:58:08,510.0,7008.00,91.22,7665.0,657.0,13.741176,0.178873,7511.00,89.39,7751.0,240.0,14.727451,0.175279
11.10_1_with Cu.Spe,2025-11-10 09:03:11,1780.0,3631.50,81.82,5163.0,1531.5,2.040169,0.045966,5293.00,80.47,5884.0,591.0,2.973596,0.045206
11.10_2_with 12.5.Spe,2025-11-10 13:18:36,183.0,5309.75,78.68,5750.0,440.2,29.015027,0.429935,5913.50,79.19,6092.0,178.5,32.314208,0.432713
11.10_2_with 12.5_2_L.Spe,2025-11-10 16:30:12,463.0,6622.50,87.75,7161.0,538.5,14.303456,0.189518,7518.00,88.94,7714.0,196.0,16.237581,0.192091
11.10_2_with 12.5_2_R.Spe,2025-11-10 16:38:51,303.0,4618.25,73.85,5036.0,417.8,15.241749,0.243728,4996.50,72.67,5139.0,142.5,16.490099,0.239848
11.10_2_with 12.5_3_L.Spe,2025-11-10 16:10:41,551.0,7300.75,92.74,7951.0,650.2,13.250000,0.168317,8187.00,93.08,8425.0,238.0,14.858439,0.168921
11.10_2_with 12.5_3_R.Spe,2025-11-10 16:21:04,484.0,6883.25,89.51,7448.0,564.8,14.221591,0.184946,7438.50,89.05,7684.0,245.5,15.368802,0.183983
11.10_2_with Cu.Spe,2025-11-10 09:35:28,1990.0,4642.75,89.38,6316.0,1673.2,2.333040,0.044916,6388.00,87.32,7006.0,618.0,3.210050,0.043877
11.10_3_with 12.5.Spe,2025-11-10 13:23:49,164.0,5017.75,75.78,5380.0,362.2,30.596037,0.462059,5540.50,76.29,5680.0,139.5,33.783537,0.465156
11.10_3_with 12.5_8_L.Spe,2025-11-10 15:05:36,535.0,7912.50,95.63,8529.0,616.5,14.789720,0.178752,8840.00,96.49,9075.0,235.0,16.523364,0.180352
11.10_3_with 12.5_8_R.Spe,2025-11-10 15:16:06,412.0,6631.50,87.63,7155.0,523.5,16.095874,0.212687,7469.00,88.85,7682.0,213.0,18.128641,0.215665
11.10_3_with 12.5_9_L.Spe,2025-11-10 14:45:36,490.0,6555.75,86.68,7035.0,479.2,13.379082,0.176908,7325.00,87.99,7534.0,209.0,14.948980,0.179580
11.10_3_with 12.5_9_L_13h.Spe,2025-11-10 17:48:38,51590.0,554024.00,803.34,599693.0,45669.0,10.738980,0.015572,619841.50,808.64,636868.0,17026.5,12.014761,0.015674
11.10_3_with 12.5_9_R.Spe,2025-11-10 14:54:42,492.0,7095.50,90.44,7637.0,541.5,14.421748,0.183811,8078.00,92.16,8286.0,208.0,16.418699,0.187323
11.10_3_with Cu.Spe,2025-11-10 10:11:37,1673.0,3807.50,80.43,5138.0,1330.5,2.275852,0.048074,5446.00,80.42,5957.0,511.0,3.255230,0.048072
11.10_4_with 12.5.Spe,2025-11-10 13:28:38,218.0,6670.75,87.45,7159.0,488.2,30.599771,0.401140,7145.50,86.77,7337.0,191.5,32.777523,0.398013
11.10_4_with 12.5_5_L.Spe,2025-11-10 15:49:11,504.0,7214.00,91.01,7748.0,534.0,14.313492,0.180566,7979.50,91.73,8197.0,217.5,15.832341,0.182005
11.10_4_with 12.5_5_R.Spe,2025-11-10 15:59:59,462.0,7330.50,91.95,7893.0,562.5,15.866883,0.199034,8224.50,92.86,8424.0,199.5,17.801948,0.201002
11.10_4_with 12.5_6_L.Spe,2025-11-10 15:24:19,695.0,9537.50,105.10,10292.0,754.5,13.723022,0.151226,10471.50,104.93,10741.0,269.5,15.066906,0.150980
11.10_4_with 12.5_6_R.Spe,2025-11-10 15:37:41,473.0,7149.00,90.22,7644.0,495.0,15.114165,0.190732,7914.50,91.01,8099.0,184.5,16.732558,0.192418
11.10_4_with Cu.Spe,2025-11-10 10:41:40,1801.0,4256.00,83.29,5597.0,1341.0,2.363132,0.046249,5836.50,82.91,6355.0,518.5,3.240700,0.046034
11.11_1_with 12.5.Spe,2025-11-11 10:04:38,373.0,8881.00,102.94,9739.0,858.0,23.809651,0.275983,9893.50,102.62,10212.0,318.5,26.524129,0.275116
11.11_1_with Cu.Spe,2025-11-11 11:24:23,1765.0,3165.25,77.45,4582.0,1416.8,1.793343,0.043882,4449.00,73.86,4952.0,503.0,2.520680,0.041846
11.11_2_with 12.5.Spe,2025-11-11 10:12:21,264.0,6688.25,88.89,7295.0,606.8,25.334280,0.336711,7509.50,89.09,7723.0,213.5,28.445076,0.337451
11.11_2_with Cu.Spe,2025-11-11 10:18:34,1722.0,3391.25,77.01,4661.0,1269.8,1.969367,0.044722,4712.00,75.78,5227.0,515.0,2.736353,0.044005
11.11_3_with 12.5.Spe,2025-11-11 09:52:39,292.0,7706.00,94.72,8339.0,633.0,26.390411,0.324386,8493.50,94.38,8701.0,207.5,29.087329,0.323236
11.11_3_with 12.5_9_L_1h.Spe,2025-11-11 08:48:28,3618.0,47196.50,233.48,50855.0,3658.5,13.044914,0.064533,51821.00,233.69,53215.0,1394.0,14.323107,0.064590
11.11_3_with Cu.Spe,2025-11-11 10:49:12,1914.0,3759.00,79.99,5079.0,1320.0,1.963950,0.041794,5236.50,78.90,5731.0,494.5,2.735893,0.041224
11.11_4_with 12.5.Spe,2025-11-11 09:59:24,237.0,6298.00,85.44,6799.0,501.0,26.573840,0.360506,7041.50,86.03,7221.0,179.5,29.710970,0.362980
11.11_4_with Cu.Spe,2025-11-11 11:56:13,2255.0,4427.50,86.24,5932.0,1504.5,1.963415,0.038242,6338.00,86.15,6880.0,542.0,2.810643,0.038204
11.12_1_with 12.5.Spe,2025-11-12 12:04:51,515.0,10165.25,110.10,11144.0,978.8,19.738350,0.213793,11156.50,109.24,11545.0,388.5,21.663107,0.212118
11.12_1_with Cu.Spe,2025-11-12 14:02:40,1777.0,2655.75,71.01,3849.0,1193.2,1.494513,0.039960,3663.00,67.79,4129.0,466.0,2.061339,0.038147
11.12_2_with 12.5.Spe,2025-11-12 12:15:07,368.0,7665.00,95.73,8415.0,750.0,20.828804,0.260147,8507.50,95.13,8779.0,271.5,23.118207,0.258517
11.12_2_with Cu.Spe,2025-11-12 13:38:19,1369.0,2309.25,64.07,3207.0,897.8,1.686815,0.046799,3075.00,61.28,3415.0,340.0,2.246165,0.044761
11.12_3_with 12.5.Spe,2025-11-12 12:23:26,583.0,12532.00,120.96,13582.0,1050.0,21.495712,0.207483,14001.50,121.36,14365.0,363.5,24.016295,0.208166
11.12_3_with Cu.Spe,2025-11-12 13:16:05,1250.0,2052.25,60.31,2845.0,792.8,1.641800,0.048251,2859.50,58.33,3131.0,271.5,2.287600,0.046665
11.12_4_with 12.5.Spe,2025-11-12 12:34:33,441.0,9588.50,105.46,10355.0,766.5,21.742630,0.239135,10669.50,105.79,10931.0,261.5,24.193878,0.239897
11.12_4_with Cu.Spe,2025-11-12 12:44:25,1811.0,3074.25,72.23,4146.0,1071.8,1.697543,0.039886,4090.50,69.97,4493.0,402.5,2.258697,0.038635
11.13_1_with 12.5.Spe,2025-11-13 09:26:28,494.0,8327.50,100.95,9259.0,931.5,16.857287,0.204348,9032.00,98.53,9370.0,338.0,18.283401,0.199452
11.13_1_with Cu.Spe,2025-11-13 11:38:28,3195.0,4191.25,89.83,6130.0,1938.8,1.311815,0.028115,5671.50,85.41,6483.0,811.5,1.775117,0.026732
11.13_2_with 12.5.Spe,2025-11-13 09:36:12,517.0,9666.50,107.07,10565.0,898.5,18.697292,0.207094,10142.00,103.91,10470.0,328.0,19.617021,0.200993
11.13_2_with Cu.Spe,2025-11-13 11:06:13,1853.0,2579.00,69.71,3719.0,1140.0,1.391797,0.037618,3568.50,66.40,3989.0,420.5,1.925796,0.035836
11.13_3_with 12.5.Spe,2025-11-13 09:09:35,889.0,16809.50,140.48,18272.0,1462.5,18.908324,0.158020,18211.50,138.62,18714.0,502.5,20.485377,0.155932
11.13_3_with 12.5_9_L_19h.Spe,2025-11-12 21:43:16,64912.0,583229.00,828.21,634580.0,51351.0,8.984918,0.012759,633770.00,819.27,652489.0,18719.0,9.763526,0.012621
11.13_3_with Cu.Spe,2025-11-13 10:31:38,1990.0,2890.00,70.64,3940.0,1050.0,1.452261,0.035497,3877.00,68.77,4303.0,426.0,1.948241,0.034557
11.13_4_with 12.5.Spe,2025-11-13 09:55:06,516.0,9854.25,106.82,10632.0,777.8,19.097384,0.207009,10517.00,105.31,10804.0,287.0,20.381783,0.204097
11.13_4_with Cu.Spe,2025-11-13 09:56:23,2019.0,2976.25,71.68,4057.0,1080.8,1.474121,0.035502,4042.00,69.44,4432.0,390.0,2.001981,0.034394
11.14_1_with 12.5.Spe,2025-11-14 12:05:24,648.0,9500.50,107.86,10567.0,1066.5,14.661265,0.166449,10214.00,105.02,10622.0,408.0,15.762346,0.162074
11.14_1_with Cu.Spe,2025-11-14 09:17:19,1786.0,1994.25,63.62,3021.0,1026.8,1.116601,0.035623,2552.00,58.31,2976.0,424.0,1.428891,0.032648
11.14_2_with 12.5.Spe,2025-11-14 11:52:19,697.0,10919.00,114.63,12029.0,1110.0,15.665710,0.164455,12072.50,113.56,12484.0,411.5,17.320660,0.162924
11.14_2_with Cu.Spe,2025-11-14 09:48:37,1786.0,2137.50,63.96,3114.0,976.5,1.196809,0.035810,2901.50,60.70,3293.0,391.5,1.624580,0.033987
11.14_3_with 12.5.Spe,2025-11-14 11:42:18,520.0,8573.25,99.86,9273.0,699.8,16.487019,0.192045,9063.50,98.07,9341.0,277.5,17.429808,0.188604
11.14_3_with Cu.Spe,2025-11-14 10:19:56,2140.0,2571.75,68.47,3630.0,1058.2,1.201752,0.031996,3549.50,65.73,3935.0,385.5,1.658645,0.030715
11.14_4_with 12.5.Spe,2025-11-14 11:28:52,715.0,11669.25,116.79,12654.0,984.8,16.320629,0.163336,12678.00,115.89,13054.0,376.0,17.731469,0.162081
11.14_4_with Cu.Spe,2025-11-14 10:56:54,1792.0,2307.75,62.90,3132.0,824.2,1.287807,0.035100,3183.00,61.99,3513.0,330.0,1.776228,0.034594
11.15_1_with 12.5.Spe,2025-11-15 09:05:10,410.0,5117.50,80.14,5770.0,652.5,12.481707,0.195465,5640.00,78.18,5876.0,236.0,13.756098,0.190681
11.15_1_with Cu.Spe,2025-11-15 11:12:27,1802.0,1701.75,60.37,2673.0,971.2,0.944367,0.033500,2465.00,57.25,2871.0,406.0,1.367925,0.031768
11.15_2_with 12.5.Spe,2025-11-15 09:13:19,406.0,5591.25,82.64,6210.0,618.8,13.771552,0.203538,6201.50,81.43,6416.0,214.5,15.274631,0.200561
11.15_2_with Cu.Spe,2025-11-15 10:41:18,1791.0,2062.00,61.12,2899.0,837.0,1.151312,0.034128,2626.50,58.03,2997.0,370.5,1.466499,0.032401
11.15_3_with 12.5.Spe,2025-11-15 09:21:18,427.0,6121.25,84.80,6656.0,534.8,14.335480,0.198591,6631.00,83.89,6834.0,203.0,15.529274,0.196456
11.15_3_with Cu.Spe,2025-11-15 10:10:10,1788.0,2026.25,59.65,2792.0,765.8,1.133249,0.033360,2652.00,56.89,2944.0,292.0,1.483221,0.031815
11.15_4_with 12.5.Spe,2025-11-15 09:29:41,457.0,6653.00,87.90,7190.0,537.0,14.557987,0.192349,7011.00,86.19,7220.0,209.0,15.341357,0.188603
11.15_4_with Cu.Spe,2025-11-15 09:38:54,1797.0,1917.00,58.15,2649.0,732.0,1.066778,0.032357,2608.50,56.51,2901.0,292.5,1.451586,0.031447
11.16_1_with 12.5.Spe,2025-11-16 11:17:38,464.0,5010.00,78.92,5619.0,609.0,10.797414,0.170081,5227.50,75.40,5456.0,228.5,11.266164,0.162491
11.16_2_with 12.5.Spe,2025-11-16 11:26:48,595.0,6913.75,91.49,7642.0,728.2,11.619748,0.153763,7297.50,88.85,7596.0,298.5,12.264706,0.149329
11.16_3_with 12.5.Spe,2025-11-16 11:38:04,678.0,8006.25,97.29,8736.0,729.8,11.808628,0.143499,8596.50,95.56,8864.0,267.5,12.679204,0.140942
11.16_4_with 12.5.Spe,2025-11-16 11:50:37,478.0,5754.50,82.54,6284.0,529.5,12.038703,0.172686,5977.50,79.89,6180.0,202.5,12.505230,0.167135
11.17_1_with 12.5.Spe,2025-11-17 09:22:52,530.0,4829.75,78.72,5513.0,683.2,9.112736,0.148521,5143.00,75.07,5389.0,246.0,9.703774,0.141635
11.17_2_with 12.5.Spe,2025-11-17 09:33:01,507.0,5022.50,78.52,5594.0,571.5,9.906312,0.154873,5100.50,74.58,5331.0,230.5,10.060158,0.147092
11.17_3_with 12.5.Spe,2025-11-17 09:42:40,493.0,5035.75,77.62,5530.0,494.2,10.214503,0.157436,4993.50,73.27,5181.0,187.5,10.128803,0.148621
11.17_4_with 12.5.Spe,2025-11-17 09:52:06,531.0,5282.75,79.57,5807.0,524.2,9.948682,0.149848,5393.00,76.11,5593.0,200.0,10.156309,0.143337
11.18_1_with 12.5.Spe,2025-11-18 09:11:08,563.0,4405.75,75.98,5089.0,683.2,7.825488,0.134947,4618.50,71.79,4886.0,267.5,8.203375,0.127510
11.18_2_with 12.5.Spe,2025-11-18 09:21:55,498.0,4340.75,73.57,4877.0,536.2,8.716365,0.147741,4292.00,68.61,4500.0,208.0,8.618474,0.137781
11.18_3_with 12.5.Spe,2025-11-18 09:31:27,513.0,4469.50,73.54,4939.0,469.5,8.712476,0.143358,4732.00,71.26,4905.0,173.0,9.224172,0.138909
11.18_4_with 12.5.Spe,2025-11-18 09:41:10,520.0,4619.50,74.52,5086.0,466.5,8.883654,0.143298,4756.00,71.41,4928.0,172.0,9.146154,0.137335
11.19_1_with 12.5.Spe,2025-11-19 09:51:02,594.0,4263.25,74.81,4930.0,666.8,7.177189,0.125945,4288.00,69.34,4548.0,260.0,7.218855,0.116734
11.19_2_with 12.5.Spe,2025-11-19 10:02:18,614.0,4764.50,77.33,5372.0,607.5,7.759772,0.125940,4781.00,72.68,5032.0,251.0,7.786645,0.118378
11.19_3_with 12.5.Spe,2025-11-19 10:13:41,561.0,4307.25,72.59,4788.0,480.8,7.677807,0.129387,4452.50,69.45,4638.0,185.5,7.936720,0.123799
11.19_4_with 12.5.Spe,2025-11-19 10:24:11,704.0,5498.25,81.63,6081.0,582.8,7.810014,0.115954,5814.50,78.99,6027.0,212.5,8.259233,0.112202
11.20_1_with 12.5.Spe,2025-11-20 09:01:25,539.0,3333.75,66.52,3879.0,545.2,6.185065,0.123405,3514.50,62.72,3724.0,209.5,6.520408,0.116359
11.20_2_with 12.5.Spe,2025-11-20 09:11:26,493.0,3212.50,64.06,3658.0,445.5,6.516227,0.129936,3426.00,61.66,3614.0,188.0,6.949290,0.125072
11.20_3_with 12.5.Spe,2025-11-20 09:20:52,529.0,3755.50,67.64,4165.0,409.5,7.099244,0.127855,3751.00,63.96,3921.0,170.0,7.090737,0.120909
11.20_4_with 12.5.Spe,2025-11-20 09:30:56,547.0,3784.00,67.91,4198.0,414.0,6.917733,0.124153,3861.50,65.04,4046.0,184.5,7.059415,0.118907
11.21_1_with 12.5.Spe,2025-11-21 09:11:01,592.0,3117.50,65.41,3698.0,580.5,5.266047,0.110490,3311.00,61.64,3555.0,244.0,5.592905,0.104115
11.21_2_with 12.5.Spe,2025-11-21 09:22:03,597.0,3430.75,66.88,3952.0,521.2,5.746650,0.112031,3531.00,63.21,3763.0,232.0,5.914573,0.105873
11.21_3_with 12.5.Spe,2025-11-21 09:33:52,630.0,3751.75,67.93,4183.0,431.2,5.955159,0.107823,3798.00,64.44,3975.0,177.0,6.028571,0.102279
11.21_4_with 12.5.Spe,2025-11-21 09:45:33,647.0,3872.25,69.18,4329.0,456.8,5.984930,0.106923,3902.00,65.30,4083.0,181.0,6.030912,0.100926
11.22_1_with 12.5.Spe,2025-11-22 11:00:41,608.0,2817.00,62.62,3369.0,552.0,4.633224,0.102990,2683.00,56.24,2923.0,240.0,4.412829,0.092501
11.22_2_with 12.5.Spe,2025-11-22 11:12:00,601.0,2824.75,61.95,3331.0,506.2,4.700083,0.103071,2929.00,57.49,3117.0,188.0,4.873544,0.095656
11.22_3_with 12.5.Spe,2025-11-22 11:23:08,613.0,3099.75,62.76,3519.0,419.2,5.056688,0.102374,3110.50,58.49,3266.0,155.5,5.074225,0.095422
11.22_4_with 12.5.Spe,2025-11-22 11:34:24,578.0,2825.00,59.74,3197.0,372.0,4.887543,0.103358,2848.50,56.03,2994.0,145.5,4.928201,0.096940
11.23_1_with 12.5.Spe,2025-11-23 13:00:53,888.0,3492.25,70.45,4228.0,735.8,3.932714,0.079340,3329.50,62.87,3641.0,311.5,3.749437,0.070798
11.23_2_with 12.5.Spe,2025-11-23 13:17:03,1071.0,4685.25,78.66,5436.0,750.8,4.374650,0.073442,4596.00,72.08,4896.0,300.0,4.291317,0.067305
11.23_3_with 12.5.Spe,2025-11-23 13:36:07,1001.0,4345.50,74.04,4914.0,568.5,4.341159,0.073970,4181.00,68.36,4427.0,246.0,4.176823,0.068291
11.23_4_with 12.5.Spe,2025-11-23 13:54:05,915.0,3998.50,70.35,4474.0,475.5,4.369945,0.076888,3908.50,65.83,4121.0,212.5,4.271585,0.071945
11.24_1_with 12.5.Spe,2025-11-24 09:15:35,900.0,3146.25,67.73,3867.0,720.8,3.495833,0.075259,2910.00,59.46,3223.0,313.0,3.233333,0.066071
11.24_2_with 12.5.Spe,2025-11-24 09:31:56,901.0,3443.00,68.40,4061.0,618.0,3.821310,0.075919,3381.00,62.35,3634.0,253.0,3.752497,0.069196
11.24_3_with 12.5.Spe,2025-11-24 09:48:08,972.0,3786.25,69.73,4324.0,537.8,3.895319,0.071735,3668.00,64.31,3902.0,234.0,3.773663,0.066164
11.24_4_with 12.5.Spe,2025-11-24 10:05:27,943.0,3835.75,69.28,4318.0,482.2,4.067603,0.073472,3599.50,63.58,3821.0,221.5,3.817073,0.067424
11.25_1_with 0.Spe,2025-11-25 10:47:17,407.0,3848.00,73.17,4601.0,753.0,9.454545,0.179781,3338.00,63.04,3656.0,318.0,8.201474,0.154889
11.25_1_with 12.5.Spe,2025-11-25 09:20:43,952.0,2919.50,66.32,3659.0,739.5,3.066702,0.069665,2803.50,58.43,3109.0,305.5,2.944853,0.061380
11.25_2_with 0.Spe,2025-11-25 10:40:33,329.0,3340.75,66.66,3892.0,551.2,10.154255,0.202607,3078.50,59.21,3292.0,213.5,9.357143,0.179961
11.25_2_with 12.5.Spe,2025-11-25 09:38:01,904.0,2996.00,64.54,3581.0,585.0,3.314159,0.071399,2790.50,57.09,3025.0,234.5,3.086836,0.063155
11.25_3_with 0.Spe,2025-11-25 10:34:10,305.0,3193.50,62.63,3558.0,364.5,10.470492,0.205344,2840.50,56.26,3003.0,162.5,9.313115,0.184468
11.25_3_with 12.5.Spe,2025-11-25 09:54:19,882.0,2840.25,61.85,3333.0,492.8,3.220238,0.070128,2796.00,56.20,2977.0,181.0,3.170068,0.063714
11.25_4_with 0.Spe,2025-11-25 10:27:09,331.0,3464.75,64.82,3833.0,368.2,10.467523,0.195822,3173.50,59.20,3339.0,165.5,9.587613,0.178848
11.25_4_with 12.5.Spe,2025-11-25 10:10:13,925.0,3285.25,64.57,3727.0,441.8,3.551622,0.069801,2959.50,57.69,3144.0,184.5,3.199459,0.062371
11.26_1_with 0.Spe,2025-11-26 09:20:54,441.0,3622.00,71.02,4333.0,711.0,8.213152,0.161046,3274.00,62.71,3603.0,329.0,7.424036,0.142190
11.26_1_with 12.5.Spe,2025-11-26 11:04:12,1180.0,3142.25,69.11,3959.0,816.8,2.662924,0.058565,2906.00,60.15,3262.0,356.0,2.462712,0.050974
11.26_2_with 0.Spe,2025-11-26 09:29:44,431.0,3926.75,72.26,4574.0,647.2,9.110789,0.167652,3458.50,63.54,3748.0,289.5,8.024362,0.147428
11.26_2_with 12.5.Spe,2025-11-26 10:43:12,1188.0,3414.75,69.19,4101.0,686.2,2.874369,0.058241,3203.50,62.20,3536.0,332.5,2.696549,0.052355
11.26_3_with 0.Spe,2025-11-26 09:38:25,420.0,3893.25,69.29,4347.0,453.8,9.269643,0.164970,3359.50,61.49,3570.0,210.5,7.998810,0.146395
11.26_3_with 12.5.Spe,2025-11-26 10:22:29,1166.0,3453.75,67.10,3978.0,524.2,2.962050,0.057546,3239.00,60.85,3471.0,232.0,2.777873,0.052189
11.26_4_with 0.Spe,2025-11-26 09:53:19,451.0,4147.00,71.34,4618.0,471.0,9.195122,0.158176,3676.50,63.90,3880.0,203.5,8.151885,0.141690
11.26_4_with 12.5.Spe,2025-11-26 10:02:17,1124.0,3436.75,66.97,3961.0,524.2,3.057607,0.059584,3053.50,59.17,3277.0,223.5,2.716637,0.052638
11.27_1_with 0.Spe,2025-11-27 11:28:58,428.0,3114.25,66.83,3790.0,675.8,7.276285,0.156136,2675.50,57.42,2986.0,310.5,6.251168,0.134148
11.27_1_with 12.5.Spe,2025-11-27 09:20:50,1214.0,2929.50,67.52,3744.0,814.5,2.413097,0.055615,2524.00,56.94,2883.0,359.0,2.079077,0.046902
11.27_2_with 0.Spe,2025-11-27 11:19:03,515.0,4129.75,74.50,4840.0,710.2,8.018932,0.144660,3598.00,65.05,3915.0,317.0,6.986408,0.126318
11.27_2_with 12.5.Spe,2025-11-27 09:42:31,1455.0,3788.75,73.17,4571.0,782.2,2.603952,0.050286,3254.50,63.29,3630.0,375.5,2.236770,0.043498
11.27_3_with 0.Spe,2025-11-27 11:11:55,354.0,2799.00,59.32,3159.0,360.0,7.906780,0.167574,2372.00,52.44,2561.0,189.0,6.700565,0.148137
11.27_3_with 12.5.Spe,2025-11-27 10:08:10,1997.0,5238.75,84.25,6168.0,929.2,2.623310,0.042186,4567.50,73.17,4961.0,393.5,2.287181,0.036642
11.27_4_with 0.Spe,2025-11-27 11:04:45,348.0,2765.75,59.03,3125.0,359.2,7.947557,0.169619,2473.00,53.00,2641.0,168.0,7.106322,0.152299
11.27_4_with 12.5.Spe,2025-11-27 10:42:57,1243.0,3335.50,66.06,3850.0,514.5,2.683427,0.053149,2916.50,58.44,3166.0,249.5,2.346340,0.047017
11.28_1_with 0.Spe,2025-11-28 09:42:15,641.0,4050.25,78.59,5113.0,1062.8,6.318643,0.122599,3428.00,66.03,3894.0,466.0,5.347894,0.103011
11.28_1_with 12.5.Spe,2025-11-28 11:37:10,1210.0,2646.50,64.37,3395.0,748.5,2.187190,0.053198,2252.00,54.18,2594.0,342.0,1.861157,0.044781
11.28_2_with 0.Spe,2025-11-28 09:54:25,705.0,4860.25,81.51,5752.0,891.8,6.893972,0.115616,4122.50,70.48,4545.0,422.5,5.847518,0.099972
11.28_2_with 12.5.Spe,2025-11-28 11:16:27,1169.0,2662.00,62.67,3295.0,633.0,2.277160,0.053613,2269.00,53.21,2550.0,281.0,1.940975,0.045515
11.28_3_with 0.Spe,2025-11-28 10:07:34,556.0,4010.25,71.52,4563.0,552.8,7.212680,0.128641,3259.50,61.81,3540.0,280.5,5.862410,0.111169
11.28_3_with 12.5.Spe,2025-11-28 10:51:17,1427.0,3389.25,67.67,3984.0,594.8,2.375088,0.047419,2924.50,58.70,3185.0,260.5,2.049404,0.041134
11.28_4_with 0.Spe,2025-11-28 10:18:10,613.0,4461.75,75.07,5049.0,587.2,7.278548,0.122471,3692.00,65.24,3974.0,282.0,6.022838,0.106424
11.28_4_with 12.5.Spe,2025-11-28 10:29:47,1220.0,2779.75,61.58,3286.0,506.2,2.278484,0.050476,2336.50,53.00,2573.0,236.5,1.915164,0.043446
11.29_1_with 0.Spe,2025-11-29 09:54:57,814.0,4702.00,84.38,5911.0,1209.0,5.776413,0.103661,3642.00,69.17,4213.0,571.0,4.474201,0.084971
11.29_2_with 0.Spe,2025-11-29 10:10:20,604.0,3809.50,72.89,4561.0,751.5,6.307119,0.120674,3054.00,61.20,3400.0,346.0,5.056291,0.101332
11.29_3_with 0.Spe,2025-11-29 10:22:12,633.0,3972.50,71.73,4559.0,586.5,6.275671,0.113321,3277.00,62.19,3572.0,295.0,5.176935,0.098239
11.29_4_with 0.Spe,2025-11-29 10:34:10,584.0,3680.25,68.39,4179.0,498.8,6.301798,0.117113,3121.50,60.25,3376.0,254.5,5.345034,0.103174
11.30_1_with 0.Spe,2025-11-30 13:11:33,897.0,4546.00,84.81,5869.0,1323.0,5.068004,0.094544,3580.50,68.76,4154.0,573.5,3.991639,0.076652
11.30_2_with 0.Spe,2025-11-30 13:28:03,735.0,4030.00,75.49,4864.0,834.0,5.482993,0.102701,3029.50,61.58,3411.0,381.5,4.121769,0.083787
11.30_3_with 0.Spe,2025-11-30 13:41:19,857.0,4869.00,79.24,5574.0,705.0,5.681447,0.092462,3724.00,66.56,4077.0,353.0,4.345391,0.077664
11.30_4_with 0.Spe,2025-11-30 14:00:05,785.0,4353.75,75.47,5025.0,671.2,5.546178,0.096145,3292.00,62.90,3624.0,332.0,4.193631,0.080123
12.01_1_with 0.Spe,2025-12-01 10:44:32,728.0,3375.50,73.32,4376.0,1000.5,4.636676,0.100721,2452.50,58.24,2922.0,469.5,3.368819,0.079995
12.01_1_with 0_L1.Spe,2025-12-01 10:58:25,671.0,2960.00,70.07,3935.0,975.0,4.411326,0.104428,2115.50,54.69,2553.0,437.5,3.152757,0.081498
12.01_2_with 0.Spe,2025-12-01 11:24:26,753.0,3800.50,74.58,4681.0,880.5,5.047145,0.099038,2659.00,58.71,3053.0,394.0,3.531208,0.077970
12.01_2_with 0_L1.Spe,2025-12-01 11:11:37,690.0,3469.25,70.93,4250.0,780.8,5.027899,0.102794,2464.00,56.60,2834.0,370.0,3.571014,0.082035
12.01_3_with 0.Spe,2025-12-01 11:38:44,874.0,4515.00,76.62,5193.0,678.0,5.165904,0.087669,3150.50,62.27,3514.0,363.5,3.604691,0.071247
12.01_4_with 0.Spe,2025-12-01 11:54:37,1660.0,8282.50,104.01,9550.0,1267.5,4.989458,0.062655,6105.00,86.37,6782.0,677.0,3.677711,0.052027
12.02_1_with 0.Spe,2025-12-02 10:32:23,1012.0,4190.50,83.42,5575.0,1384.5,4.140810,0.082434,2845.50,63.55,3442.0,596.5,2.811759,0.062796
12.02_1_with 0_0.5.Spe,2025-12-02 12:54:52,672.0,5843.50,96.76,7603.0,1759.5,8.695685,0.143988,4051.00,75.24,4856.0,805.0,6.028274,0.111964
12.02_2_with 0.Spe,2025-12-02 10:50:46,972.0,4284.25,80.77,5404.0,1119.8,4.407665,0.083096,2976.00,63.04,3475.0,499.0,3.061728,0.064856
12.02_2_with 0_0.5.Spe,2025-12-02 12:43:38,582.0,5711.25,89.94,6900.0,1188.8,9.813144,0.154532,3734.50,70.45,4349.0,614.5,6.416667,0.121052
12.02_3_with 0.Spe,2025-12-02 11:08:22,1022.0,4655.00,78.87,5438.0,783.0,4.554795,0.077175,3181.50,63.01,3576.0,394.5,3.113014,0.061655
12.02_3_with 0_0.5.Spe,2025-12-02 12:32:59,557.0,5469.75,84.41,6297.0,827.2,9.820018,0.151535,3775.00,68.40,4227.0,452.0,6.777379,0.122806
12.02_4_with 0.Spe,2025-12-02 11:26:41,1538.0,6935.50,95.73,8050.0,1114.5,4.509428,0.062244,4777.50,77.09,5360.0,582.5,3.106307,0.050122
12.02_4_with 0_0.5.Spe,2025-12-02 12:17:43,726.0,7154.50,96.47,8230.0,1075.5,9.854683,0.132872,4910.00,77.74,5477.0,567.0,6.763085,0.107084
12.03_1_with 0.Spe,2025-12-03 11:59:23,977.0,3431.50,78.17,4771.0,1339.5,3.512282,0.080010,2201.00,58.27,2798.0,597.0,2.252815,0.059638
12.03_1_with 0_0.5.Spe,2025-12-03 09:47:26,877.0,7027.00,106.72,9208.0,2181.0,8.012543,0.121687,4791.00,83.17,5854.0,1063.0,5.462942,0.094833
12.03_2_with 0.Spe,2025-12-03 11:40:27,1048.0,4164.25,79.84,5269.0,1104.8,3.973521,0.076179,2768.50,61.77,3292.0,523.5,2.641698,0.058941
12.03_2_with 0_0.5.Spe,2025-12-03 10:04:20,915.0,7910.75,107.81,9767.0,1856.2,8.645628,0.117826,5202.50,84.07,6135.0,932.5,5.685792,0.091878
12.03_3_with 0.Spe,2025-12-03 11:21:59,1023.0,4224.00,75.62,4971.0,747.0,4.129032,0.073917,2677.00,59.12,3086.0,409.0,2.616813,0.057789
12.03_3_with 0_0.5.Spe,2025-12-03 10:21:16,1089.0,9549.50,112.52,11105.0,1555.5,8.769054,0.103323,6324.50,89.81,7195.0,870.5,5.807622,0.082468
12.03_4_with 0.Spe,2025-12-03 11:03:27,1021.0,4136.75,74.91,4874.0,737.2,4.051665,0.073368,2771.00,59.34,3146.0,375.0,2.714006,0.058118
12.03_4_with 0_0.5.Spe,2025-12-03 10:41:17,1230.0,10851.50,118.82,12485.0,1633.5,8.822358,0.096603,7134.50,94.90,8070.0,935.5,5.800407,0.077152
12.04_1_with 0.Spe,2025-12-04 10:37:03,1093.0,3770.50,81.27,5188.0,1417.5,3.449680,0.074359,2240.00,59.16,2870.0,630.0,2.049405,0.054127
12.04_1_with 0_0.5.Spe,2025-12-04 12:44:02,903.0,6523.50,105.43,8820.0,2296.5,7.224252,0.116761,4002.50,78.11,5052.0,1049.5,4.432447,0.086503
12.04_2_with 0.Spe,2025-12-04 10:56:50,1104.0,3942.00,78.00,5013.0,1071.0,3.570652,0.070652,2454.00,59.25,2982.0,528.0,2.222826,0.053664
12.04_2_with 0_0.5.Spe,2025-12-04 12:30:30,724.0,5806.00,92.36,7168.0,1362.0,8.019337,0.127566,3233.50,68.49,3962.0,728.5,4.466160,0.094596
12.04_3_with 0.Spe,2025-12-04 11:16:42,1509.0,5712.50,88.44,6767.0,1054.5,3.785620,0.058608,3420.00,66.98,3953.0,533.0,2.266402,0.044385
12.04_3_with 0_0.5.Spe,2025-12-04 12:17:45,681.0,5316.75,84.92,6264.0,947.2,7.807269,0.124698,3237.50,65.46,3761.0,523.5,4.754038,0.096118
12.04_4_with 0.Spe,2025-12-04 11:43:17,1292.0,4761.50,81.06,5666.0,904.5,3.685372,0.062739,3036.50,62.72,3485.0,448.5,2.350232,0.048543
12.04_4_with 0_0.5.Spe,2025-12-04 12:05:55,624.0,5011.00,81.32,5812.0,801.0,8.030449,0.130321,2990.00,62.48,3447.0,457.0,4.791667,0.100131
12.05_1_with 0.Spe,2025-12-05 12:17:27,1293.0,3910.75,84.55,5530.0,1619.2,3.024555,0.065393,2188.50,60.84,2945.0,756.5,1.692575,0.047053
12.05_1_with 0_0.5.Spe,2025-12-05 10:08:05,706.0,4755.50,90.77,6497.0,1741.5,6.735836,0.128564,2711.00,65.60,3507.0,796.0,3.839943,0.092914
12.05_2_with 0.Spe,2025-12-05 11:49:19,1576.0,5406.50,91.80,6917.0,1510.5,3.430520,0.058250,2956.50,66.31,3677.0,720.5,1.875952,0.042077
12.05_2_with 0_0.5.Spe,2025-12-05 10:21:36,674.0,4936.50,86.33,6195.0,1258.5,7.324184,0.128091,2762.50,63.08,3371.0,608.5,4.098665,0.093595
12.05_3_with 0.Spe,2025-12-05 11:27:50,1213.0,4182.75,76.36,5007.0,824.2,3.448269,0.062954,2340.00,56.00,2738.0,398.0,1.929101,0.046167
12.05_3_with 0_0.5.Spe,2025-12-05 10:34:13,708.0,5205.00,83.87,6120.0,915.0,7.351695,0.118467,2722.00,61.68,3263.0,541.0,3.844633,0.087114
12.05_4_with 0.Spe,2025-12-05 11:05:28,1264.0,4389.75,77.86,5226.0,836.2,3.472903,0.061598,2397.00,56.95,2820.0,423.0,1.896361,0.045053
12.05_4_with 0_0.5.Spe,2025-12-05 10:47:22,999.0,7339.50,98.95,8565.0,1225.5,7.346847,0.099046,4257.50,74.78,4925.0,667.5,4.261762,0.074858
12.06_1_with 0_0.5.Spe,2025-12-06 11:01:17,845.0,5062.00,94.73,7018.0,1956.0,5.990533,0.112108,2682.00,66.95,3582.0,900.0,3.173964,0.079228
12.06_2_with 0_0.5.Spe,2025-12-06 11:17:08,880.0,5883.75,94.37,7395.0,1511.2,6.686080,0.107242,3099.50,69.13,3939.0,839.5,3.522159,0.078553
12.06_3_with 0_0.5.Spe,2025-12-06 11:33:22,874.0,5830.75,90.15,6979.0,1148.2,6.671339,0.103148,3104.00,65.73,3712.0,608.0,3.551487,0.075202
12.06_4_with 0_0.5.Spe,2025-12-06 11:49:27,861.0,5782.75,88.10,6772.0,989.2,6.716318,0.102321,3040.00,65.02,3634.0,594.0,3.530778,0.075520
12.07_1_with 0_0.5.Spe,2025-12-07 11:07:05,829.0,4701.00,92.81,6657.0,1956.0,5.670688,0.111950,2288.50,63.93,3188.0,899.5,2.760555,0.077121
12.07_2_with 0_0.5.Spe,2025-12-07 11:22:40,986.0,5857.50,96.46,7581.0,1723.5,5.940669,0.097829,2922.50,69.12,3850.0,927.5,2.963996,0.070101
12.07_3_with 0_0.5.Spe,2025-12-07 11:40:47,1265.0,7669.75,102.94,9133.0,1463.2,6.063043,0.081374,3909.00,75.24,4785.0,876.0,3.090119,0.059478
12.07_4_with 0_0.5.Spe,2025-12-07 12:03:36,986.0,6146.50,91.42,7252.0,1105.5,6.233773,0.092717,2922.00,64.79,3560.0,638.0,2.963489,0.065712
12.08_1_with 0_0.5.Spe,2025-12-08 11:01:00,749.0,3687.00,84.37,5403.0,1716.0,4.922563,0.112649,1734.00,58.33,2568.0,834.0,2.315087,0.077873
12.08_2_with 0_0.5.Spe,2025-12-08 11:15:08,995.0,5446.00,93.94,7135.0,1689.0,5.473367,0.094408,2433.00,65.31,3349.0,916.0,2.445226,0.065635
12.08_3_with 0_0.5.Spe,2025-12-08 11:33:26,1025.0,5541.50,88.49,6686.0,1144.5,5.406341,0.086332,2604.50,63.68,3330.0,725.5,2.540976,0.062130
12.08_4_with 0_0.5.Spe,2025-12-08 11:52:00,1009.0,5681.00,88.72,6776.0,1095.0,5.630327,0.087927,2546.00,62.35,3217.0,671.0,2.523290,0.061798
12.09_1_with 0_0.5.Spe,2025-12-09 11:01:05,1312.0,6206.50,108.30,8968.0,2761.5,4.730564,0.082548,2693.50,73.79,4069.0,1375.5,2.052973,0.056240
12.09_2_with 0_0.5.Spe,2025-12-09 11:25:05,2567.0,12886.50,146.75,17211.0,4324.5,5.020062,0.057168,5397.00,99.46,7645.0,2248.0,2.102454,0.038747
12.09_3_with 0_0.5.Spe,2025-12-09 12:10:46,1213.0,6226.75,94.63,7591.0,1364.2,5.133347,0.078015,2600.50,64.59,3386.0,785.5,2.143858,0.053246
12.09_4_with 0_0.5.Spe,2025-12-09 12:32:40,1027.0,5374.50,86.58,6435.0,1060.5,5.233204,0.084300,2245.00,59.67,2903.0,658.0,2.185979,0.058105
12.10_1_with 0_0.5.Spe,2025-12-10 10:47:53,323.0,1494.75,53.94,2202.0,707.2,4.627709,0.166989,533.00,35.03,880.0,347.0,1.650155,0.108448
12.10_1_with 1_0.5.Spe,2025-12-10 11:14:42,977.0,4396.75,75.40,5041.0,644.2,4.500256,0.077176,1588.00,49.86,2037.0,449.0,1.625384,0.051034
12.10_2_with 0_0.5.Spe,2025-12-10 10:54:29,1138.0,5507.25,95.28,7293.0,1785.8,4.839411,0.083728,1997.00,62.14,2929.0,932.0,1.754833,0.054602
12.10_2_with 1_0.5.Spe,2025-12-10 11:43:20,845.0,4012.50,71.93,4593.0,580.5,4.748521,0.085121,1487.50,47.90,1891.0,403.5,1.760355,0.056688
12.10_3_with 0_0.5.Spe,2025-12-10 11:33:15,555.0,2814.50,63.67,3434.0,619.5,5.071171,0.114716,1045.50,41.91,1401.0,355.5,1.883784,0.075515
12.10_3_with 1_0.5.Spe,2025-12-10 12:11:10,820.0,4024.25,72.29,4625.0,600.8,4.907622,0.088158,1458.00,47.16,1841.0,383.0,1.778049,0.057511
12.10_4_with 0_0.5.Spe,2025-12-10 11:58:50,687.0,3553.00,70.66,4273.0,720.0,5.171761,0.102855,1207.50,44.55,1596.0,388.5,1.757642,0.064844
12.10_4_with 1_0.5.Spe,2025-12-10 12:26:18,1954.0,9611.00,110.82,10946.0,1335.0,4.918628,0.056714,3490.00,73.14,4420.0,930.0,1.786080,0.037433
12.11_1_with 1_0.5.Spe,2025-12-11 11:20:03,1423.0,5956.25,87.87,6839.0,882.8,4.185699,0.061752,1832.00,54.94,2425.0,593.0,1.287421,0.038606
12.11_2_with 1_0.5.Spe,2025-12-11 11:45:47,2053.0,9480.25,110.86,10885.0,1404.8,4.617755,0.053999,2896.50,69.47,3861.0,964.5,1.410862,0.033836
12.11_3_with 1_0.5.Spe,2025-12-11 12:21:52,1487.0,6859.00,93.54,7804.0,945.0,4.612643,0.062903,2207.00,59.42,2869.0,662.0,1.484196,0.039961
12.11_4_with 1_0.5.Spe,2025-12-11 12:48:20,3476.0,16081.00,143.92,18397.0,2316.0,4.626295,0.041404,5211.50,91.27,6771.0,1559.5,1.499281,0.026258
12.12_1_with 1_0.5.Spe,2025-12-12 11:32:24,1398.0,5571.75,85.75,6462.0,890.2,3.985515,0.061334,1502.00,52.00,2103.0,601.0,1.074392,0.037196
12.12_2_with 1_0.5.Spe,2025-12-12 11:57:09,1337.0,5935.25,87.21,6770.0,834.8,4.439230,0.065225,1634.00,52.42,2191.0,557.0,1.222139,0.039208
12.12_3_with 1_0.5.Spe,2025-12-12 12:20:57,1481.0,6295.25,90.61,7253.0,957.8,4.250675,0.061184,1749.50,55.18,2397.0,647.5,1.181296,0.037257
12.12_4_with 1_0.5.Spe,2025-12-12 12:47:10,1466.0,6269.00,90.26,7208.0,939.0,4.276262,0.061569,1837.50,55.86,2479.0,641.5,1.253411,0.038105
12.13_1_with 1_0.5.Spe,2025-12-13 12:25:31,1612.0,6002.25,88.41,6909.0,906.8,3.723480,0.054843,1474.50,53.14,2149.0,674.5,0.914702,0.032963
12.13_2_with 1_0.5.Spe,2025-12-13 12:53:58,1586.0,6558.25,92.09,7519.0,960.8,4.135088,0.058062,1633.50,54.74,2315.0,681.5,1.029950,0.034515
12.13_3_with 1_0.5.Spe,2025-12-13 13:21:59,1582.0,6452.75,91.76,7436.0,983.2,4.078856,0.058000,1537.50,53.76,2214.0,676.5,0.971871,0.033984
12.13_4_with 1_0.5.Spe,2025-12-13 13:50:02,1684.0,6841.75,94.55,7891.0,1049.2,4.062797,0.056148,1741.00,56.54,2469.0,728.0,1.033848,0.033576
12.14_1_with 1_0.5.Spe,2025-12-14 17:19:25,1773.0,6237.75,90.74,7236.0,998.2,3.518190,0.051180,1308.50,52.91,2054.0,745.5,0.738015,0.029842
12.14_2_with 1_0.5.Spe,2025-12-14 17:50:57,1881.0,7203.75,96.76,8283.0,1079.2,3.829745,0.051440,1491.50,55.97,2312.0,820.5,0.792929,0.029755
12.14_3_with 1_0.5.Spe,2025-12-14 18:23:53,3473.0,13632.25,133.07,15670.0,2037.8,3.925209,0.038316,2794.00,75.75,4266.0,1472.0,0.804492,0.021811
12.14_4_with 1_0.5.Spe,2025-12-14 19:24:05,3553.0,13929.50,134.46,16004.0,2074.5,3.920490,0.037843,2917.50,76.38,4376.0,1458.5,0.821137,0.021498
12.15_1_with 1_0.5.Spe,2025-12-15 05:52:26,1895.0,6700.75,93.26,7699.0,998.2,3.536016,0.049213,1221.50,52.41,1984.0,762.5,0.644591,0.027655
12.15_2_with 1_0.5.Spe,2025-12-15 06:25:45,1824.0,6707.25,93.63,7737.0,1029.8,3.677220,0.051333,1317.00,53.17,2072.0,755.0,0.722039,0.029150
12.15_3_with 1_0.5.Spe,2025-12-15 06:57:55,2290.0,8719.25,106.45,10025.0,1305.8,3.807533,0.046483,1734.00,60.35,2688.0,954.0,0.757205,0.026353
12.15_4_with 1_0.5.Spe,2025-12-15 07:37:49,1872.0,7146.75,96.53,8232.0,1085.2,3.817708,0.051563,1446.50,54.69,2219.0,772.5,0.772703,0.029217
12.16_1_with 1_0.5.Spe,2025-12-16 17:39:58,3289.0,10534.25,118.54,12293.0,1758.8,3.202873,0.036041,1589.50,64.59,2881.0,1291.5,0.483278,0.019640
12.16_2_with 1_0.5.Spe,2025-12-16 18:36:45,1914.0,6777.75,93.73,7782.0,1004.2,3.541144,0.048973,1077.00,50.82,1830.0,753.0,0.562696,0.026553
12.16_3_with 1_0.5.Spe,2025-12-16 19:10:04,2200.0,7886.00,101.48,9092.0,1206.0,3.584545,0.046127,1198.00,54.50,2084.0,886.0,0.544545,0.024772
12.16_4_with 1_0.5.Spe,2025-12-16 19:48:25,2933.0,10603.00,117.76,12235.0,1632.0,3.615070,0.040149,1638.50,63.32,2824.0,1185.5,0.558643,0.021589
12.17_1_with 1_0.5.Spe,2025-12-17 12:45:59,2662.0,8424.25,104.91,9715.0,1290.8,3.164632,0.039410,1197.00,56.81,2212.0,1015.0,0.449662,0.021340
12.17_2_with 1_0.5.Spe,2025-12-17 13:32:01,1850.0,6453.25,91.91,7450.0,996.8,3.488243,0.049679,813.50,48.34,1575.0,761.5,0.439730,0.026128
12.17_3_with 1_0.5.Spe,2025-12-17 14:04:25,1895.0,6564.25,92.64,7573.0,1008.8,3.463984,0.048885,837.00,48.80,1609.0,772.0,0.441689,0.025750
12.17_4_with 1_0.5.Spe,2025-12-17 14:37:36,1748.0,5915.50,88.30,6856.0,940.5,3.384153,0.050514,742.50,46.21,1439.0,696.5,0.424771,0.026437
12.18_1_with 1_0.5.Spe,2025-12-18 18:08:20,2016.0,5932.00,89.19,6943.0,1011.0,2.942460,0.044239,584.00,46.71,1383.0,799.0,0.289683,0.023171
12.18_2_with 1_0.5.Spe,2025-12-18 18:43:18,3365.0,10842.00,119.67,12582.0,1740.0,3.221991,0.035565,1167.00,61.42,2470.0,1303.0,0.346805,0.018254
12.18_3_with 1_0.5.Spe,2025-12-18 19:41:01,2222.0,7401.75,98.66,8568.0,1166.2,3.331121,0.044402,739.00,50.92,1666.0,927.0,0.332583,0.022917
12.18_4_with 1_0.5.Spe,2025-12-18 20:19:39,3950.0,12998.00,130.57,15023.0,2025.0,3.290633,0.033055,1441.00,66.70,2945.0,1504.0,0.364810,0.016886
12.19_1_with 1_0.5.Spe,2025-12-19 05:25:02,1883.0,5606.25,85.86,6489.0,882.8,2.977297,0.045597,538.50,45.54,1306.0,767.5,0.285980,0.024183
12.19_2_with 1_0.5.Spe,2025-12-19 05:58:00,2255.0,7035.50,96.81,8204.0,1168.5,3.119956,0.042932,769.50,51.09,1690.0,920.5,0.341242,0.022658
12.19_3_with 1_0.5.Spe,2025-12-19 06:37:25,2668.0,8340.00,105.84,9771.0,1431.0,3.125937,0.039670,818.50,55.31,1939.0,1120.5,0.306784,0.020732
12.19_4_with 1_0.5.Spe,2025-12-19 07:23:52,2648.0,8392.25,105.55,9767.0,1374.8,3.169279,0.039862,832.50,54.82,1919.0,1086.5,0.314388,0.020703
12.20_1_with 1_0.5.Spe,2025-12-20 19:40:44,3893.0,10699.75,119.85,12532.0,1832.2,2.748459,0.030786,743.00,61.20,2244.0,1501.0,0.190855,0.015720
12.20_2_with 1_0.5.Spe,2025-12-20 20:47:55,3513.0,10321.25,116.67,11966.0,1644.8,2.938016,0.033210,586.00,58.84,2024.0,1438.0,0.166809,0.016749
