day_index,file,condition,tag_raw,acquired_at,live_time_s,rate_747_cps,rate_747_err,rate_633_cps,rate_633_err
1,10.18_1_with Pb.root,Pb,Pb,2025-10-18 21:22:02,571.0,13.375000,0.153048,3.548000,0.078827
1,10.18_2_with Pb.root,Pb,Pb,2025-10-18 22:29:03,618.0,14.231000,0.151748,3.864000,0.079072
1,10.18_3_with Pb.root,Pb,Pb,2025-10-18 23:03:04,601.0,13.532000,0.150053,4.009000,0.081673
1,10.18_4_with Pb.root,Pb,Pb,2025-10-18 22:47:21,584.0,14.284000,0.156393,4.058000,0.083358
2,10.20_1_with Pb.root,Pb,Pb,2025-10-20 09:28:50,542.0,9.833000,0.134692,3.220000,0.077078
2,10.20_2_with Pb.root,Pb,Pb,2025-10-20 09:49:31,582.0,10.290000,0.132968,3.611000,0.078768
2,10.20_3_with Pb.root,Pb,Pb,2025-10-20 10:04:28,606.0,11.022000,0.134863,3.291000,0.073693
2,10.20_4_with Pb.root,Pb,Pb,2025-10-20 10:18:47,572.0,11.441000,0.141428,3.402000,0.077120
3,10.21_1_with Pb.root,Pb,Pb,2025-10-21 09:04:06,612.0,8.912000,0.120673,2.657000,0.065890
3,10.21_2_with Pb.root,Pb,Pb,2025-10-21 09:19:56,617.0,9.216000,0.122216,3.209000,0.072118
3,10.21_3_with Pb.root,Pb,Pb,2025-10-21 09:33:54,668.0,9.487000,0.119173,2.870000,0.065547
3,10.21_4_with Pb.root,Pb,Pb,2025-10-21 09:49:47,596.0,9.511000,0.126325,2.979000,0.070699
4,10.22_1_with Pb.root,Pb,Pb,2025-10-22 09:04:19,574.0,7.761000,0.116279,2.370000,0.064257
4,10.22_2_with Pb.root,Pb,Pb,2025-10-22 09:17:46,554.0,7.994000,0.120123,2.289000,0.064279
4,10.22_3_with Pb.root,Pb,Pb,2025-10-22 09:31:03,586.0,7.842000,0.115682,2.595000,0.066546
4,10.22_4_with Pb.root,Pb,Pb,2025-10-22 09:43:55,592.0,7.964000,0.115986,2.513000,0.065153
5,10.23_1_with Pb.root,Pb,Pb,2025-10-23 09:03:31,631.0,6.006000,0.097561,1.871000,0.054453
5,10.23_2_with Pb.root,Pb,Pb,2025-10-23 09:18:08,576.0,6.827000,0.108869,2.197000,0.061760
5,10.23_3_with Pb.root,Pb,Pb,2025-10-23 09:44:47,558.0,7.033000,0.112267,2.250000,0.063500
5,10.23_4_with Pb.root,Pb,Pb,2025-10-23 09:31:43,565.0,6.928000,0.110734,1.979000,0.059183
6,10.24_1_with Pb.root,Pb,Pb,2025-10-24 09:03:51,605.0,5.353000,0.094063,1.600000,0.051426
6,10.24_2_with Pb.root,Pb,Pb,2025-10-24 09:17:27,580.0,6.285000,0.104097,1.766000,0.055180
6,10.24_3_with Pb.root,Pb,Pb,2025-10-24 09:30:13,603.0,6.283000,0.102076,1.808000,0.054757
6,10.24_4_with Pb.root,Pb,Pb,2025-10-24 09:43:30,566.0,6.178000,0.104476,2.206000,0.062430
7,10.25_1_with Pb.root,Pb,Pb,2025-10-25 09:05:06,1225.0,4.633000,0.061498,1.447000,0.034369
7,10.25_2_with Pb.root,Pb,Pb,2025-10-25 09:30:03,1185.0,5.069000,0.065404,1.522000,0.035838
7,10.25_3_with Pb.root,Pb,Pb,2025-10-25 09:53:15,1162.0,5.160000,0.066638,1.527000,0.036251
7,10.25_4_with Pb.root,Pb,Pb,2025-10-25 10:16:15,1190.0,5.384000,0.067263,1.677000,0.037540
8,10.26_1_with Pb.root,Pb,Pb,2025-10-26 09:19:45,1440.0,3.981000,0.052579,1.175000,0.028565
8,10.26_2_with Pb.root,Pb,Pb,2025-10-26 09:47:45,1444.0,4.502000,0.055837,1.338000,0.030440
8,10.26_3_with Pb.root,Pb,Pb,2025-10-26 10:14:59,1434.0,4.377000,0.055248,1.502000,0.032364
8,10.26_4_with Pb.root,Pb,Pb,2025-10-26 10:42:12,1471.0,4.390000,0.054629,1.384000,0.030673
9,10.27_1_with Pb.root,Pb,Pb,2025-10-27 09:23:57,1728.0,3.502000,0.045018,1.133000,0.025606
9,10.27_2_with Pb.root,Pb,Pb,2025-10-27 10:04:18,1762.0,3.722000,0.045961,1.077000,0.024723
9,10.27_3_with Pb.root,Pb,Pb,2025-10-27 10:37:47,1732.0,3.917000,0.047556,1.191000,0.026223
9,10.27_4_with Pb.root,Pb,Pb,2025-10-27 11:10:34,1822.0,3.881000,0.046153,1.015000,0.023603
10,10.28_1_with Pb.root,Pb,Pb,2025-10-28 09:24:33,2050.0,2.944000,0.037896,0.940000,0.021413
10,10.28_2_with Pb.root,Pb,Pb,2025-10-28 10:02:35,2054.0,3.247000,0.039760,0.924000,0.021210
10,10.28_3_with Pb.root,Pb,Pb,2025-10-28 10:39:57,2234.0,3.105000,0.037281,0.976000,0.020902
10,10.28_4_with Pb.root,Pb,Pb,2025-10-28 11:20:34,2063.0,3.304000,0.040019,0.986000,0.021862
11,10.29_1_with Pb.root,Pb,Pb,2025-10-29 09:33:12,1726.0,2.542000,0.038377,0.791000,0.021408
11,10.29_2_with Pb.root,Pb,Pb,2025-10-29 10:05:15,1763.0,2.691000,0.039069,0.910000,0.022719
11,10.29_3_with Pb.root,Pb,Pb,2025-10-29 10:37:38,1792.0,2.689000,0.038737,0.781000,0.020876
11,10.29_4_with Pb.root,Pb,Pb,2025-10-29 11:10:09,1955.0,2.711000,0.037238,0.795000,0.020166
12,10.29_1_with Cu.root,Cu,Cu,2025-10-29 12:21:49,291.0,18.964000,0.255281,14.093000,0.220067
12,10.29_2_with Cu.root,Cu,Cu,2025-10-29 12:13:24,298.0,20.461000,0.262033,14.688000,0.222010
12,10.29_3_with Cu.root,Cu,Cu,2025-10-29 12:05:11,280.0,21.649000,0.278061,14.949000,0.231061
12,10.29_4_with Cu.root,Cu,Cu,2025-10-29 11:57:06,293.0,21.204000,0.269014,15.085000,0.226902
13,10.30_1_with Cu.root,Cu,Cu,2025-10-30 09:20:47,333.0,17.355000,0.228292,11.443000,0.185374
13,10.30_2_with Cu.root,Cu,Cu,2025-10-30 09:12:12,334.0,18.402000,0.234725,12.452000,0.193084
13,10.30_3_with Cu.root,Cu,Cu,2025-10-30 09:29:12,330.0,17.973000,0.233374,13.095000,0.199203
13,10.30_4_with Cu.root,Cu,Cu,2025-10-30 09:37:23,331.0,19.072000,0.240040,12.874000,0.197216
14,10.30_1_with Pb.root,Pb,Pb,2025-10-30 11:06:08,1587.0,2.149000,0.036798,0.658000,0.020362
14,10.30_2_with Pb.root,Pb,Pb,2025-10-30 10:47:49,2358.0,2.286000,0.031136,0.782000,0.018211
14,10.30_3_with Pb.root,Pb,Pb,2025-10-30 10:20:24,1490.0,2.424000,0.040334,0.756000,0.022525
14,10.30_4_with Pb.root,Pb,Pb,2025-10-30 09:46:50,1792.0,2.384000,0.036474,0.753000,0.020499
15,10.31_1_with Cu.root,Cu,Cu,2025-10-31 11:41:59,378.0,14.182000,0.193697,9.493000,0.158473
15,10.31_2_with Cu.root,Cu,Cu,2025-10-31 11:32:21,367.0,14.972000,0.201979,10.063000,0.165589
15,10.31_3_with Cu.root,Cu,Cu,2025-10-31 11:23:38,349.0,16.091000,0.214723,10.330000,0.172043
15,10.31_4_with Cu.root,Cu,Cu,2025-10-31 11:14:57,355.0,16.195000,0.213588,11.239000,0.177930
16,10.31_1_with Pb.root,Pb,Pb,2025-10-31 09:03:16,1821.0,1.864000,0.031994,0.567000,0.017646
16,10.31_2_with Pb.root,Pb,Pb,2025-10-31 09:36:21,1787.0,2.100000,0.034281,0.648000,0.019043
16,10.31_3_with Pb.root,Pb,Pb,2025-10-31 10:08:33,1789.0,1.930000,0.032845,0.634000,0.018825
16,10.31_4_with Pb.root,Pb,Pb,2025-10-31 10:40:35,1845.0,1.990000,0.032842,0.643000,0.018668
17,11.01_1_with Cu.root,Cu,Cu,2025-11-01 09:05:33,476.0,11.824000,0.157608,8.729000,0.135419
17,11.01_2_with Cu.root,Cu,Cu,2025-11-01 09:16:47,450.0,13.746000,0.174776,9.517000,0.145427
17,11.01_3_with Cu.root,Cu,Cu,2025-11-01 09:26:50,482.0,13.214000,0.165575,9.479000,0.140235
17,11.01_4_with Cu.root,Cu,Cu,2025-11-01 09:37:28,541.0,13.197000,0.156185,9.559000,0.132925
18,11.02_1_with Cu.root,Cu,Cu,2025-11-02 09:07:20,578.0,10.311000,0.133563,7.168000,0.111362
18,11.02_2_with Cu.root,Cu,Cu,2025-11-02 09:19:37,497.0,11.975000,0.155224,7.959000,0.126547
18,11.02_4_with Cu.root,Cu,Cu,2025-11-02 09:42:16,274.0,11.352000,0.203545,7.941000,0.170240
19,11.03_1_with Cu.root,Cu,Cu,2025-11-03 09:03:41,648.0,9.008000,0.117903,6.252000,0.098225
19,11.03_2_with Cu.root,Cu,Cu,2025-11-03 09:17:13,576.0,9.687000,0.129683,7.162000,0.111508
19,11.03_3_with Cu.root,Cu,Cu,2025-11-03 09:29:26,566.0,9.677000,0.130756,6.840000,0.109931
19,11.03_4_with Cu.root,Cu,Cu,2025-11-03 09:41:06,635.0,9.657000,0.123320,6.842000,0.103802
20,11.04_1_with Cu.root,Cu,Cu,2025-11-04 09:02:46,766.0,7.659000,0.099993,5.411000,0.084047
20,11.04_2_with Cu.root,Cu,Cu,2025-11-04 09:17:59,848.0,8.305000,0.098963,5.820000,0.082844
20,11.04_3_with Cu.root,Cu,Cu,2025-11-04 09:35:08,695.0,8.288000,0.109202,5.867000,0.091879
20,11.04_4_with Cu.root,Cu,Cu,2025-11-04 09:49:52,734.0,8.647000,0.108539,5.887000,0.089557
21,11.04_3_with Pb.root,Pb,Pb,2025-11-04 11:10:23,4038.0,1.066000,0.016248,0.313000,0.008804
21,11.04_4_with Pb.root,Pb,Pb,2025-11-04 10:06:40,3677.0,1.107000,0.017351,0.373000,0.010072
22,11.05_1_with Cu.root,Cu,Cu,2025-11-05 09:38:18,878.0,6.586000,0.086609,4.636000,0.072665
22,11.05_2_with Cu.root,Cu,Cu,2025-11-05 09:55:36,857.0,7.312000,0.092369,4.874000,0.075414
22,11.05_3_with Cu.root,Cu,Cu,2025-11-05 10:12:37,779.0,7.377000,0.097313,4.744000,0.078038
22,11.05_4_with Cu.root,Cu,Cu,2025-11-05 10:28:13,784.0,7.472000,0.097625,5.108000,0.080717
23,11.05_3_with Pb.root,Pb,Pb,2025-11-05 11:37:35,3073.0,0.928000,0.017378,0.308000,0.010011
23,11.05_4_with Pb.root,Pb,Pb,2025-11-05 10:44:56,2998.0,0.977000,0.018052,0.295000,0.009920
24,11.06_1_with Cu.root,Cu,Cu,2025-11-06 09:02:49,1023.0,5.614000,0.074080,4.219000,0.064220
24,11.06_2_with Cu.root,Cu,Cu,2025-11-06 09:23:33,1138.0,5.973000,0.072448,4.155000,0.060425
24,11.06_3_with Cu.root,Cu,Cu,2025-11-06 09:45:07,897.0,6.421000,0.084607,4.468000,0.070577
24,11.06_4_with Cu.root,Cu,Cu,2025-11-06 10:02:38,871.0,6.340000,0.085317,4.036000,0.068072
25,11.06_3_with Pb.root,Pb,Pb,2025-11-06 11:27:25,4188.0,0.743000,0.013320,0.247000,0.007680
25,11.06_4_with Pb.root,Pb,Pb,2025-11-06 10:20:51,3628.0,0.757000,0.014445,0.262000,0.008498
26,11.07_1_with Cu.root,Cu,Cu,2025-11-07 09:02:50,1285.0,4.736000,0.060709,3.336000,0.050952
26,11.07_2_with Cu.root,Cu,Cu,2025-11-07 09:27:33,1089.0,5.210000,0.069168,3.567000,0.057232
26,11.07_3_with Cu.root,Cu,Cu,2025-11-07 09:48:12,1133.0,5.276000,0.068240,3.684000,0.057022
26,11.07_4_with Cu.root,Cu,Cu,2025-11-07 10:09:31,1127.0,5.083000,0.067158,3.606000,0.056565
27,11.08_1_with Cu.root,Cu,Cu,2025-11-08 09:02:59,1353.0,3.992000,0.054318,2.797000,0.045467
27,11.08_2_with Cu.root,Cu,Cu,2025-11-08 09:28:28,1332.0,4.501000,0.058130,3.196000,0.048984
27,11.08_3_with Cu.root,Cu,Cu,2025-11-08 09:53:27,1364.0,4.490000,0.057374,3.070000,0.047442
27,11.08_4_with Cu.root,Cu,Cu,2025-11-08 10:18:45,1608.0,4.556000,0.053229,3.220000,0.044749
28,11.09_1_with Cu.root,Cu,Cu,2025-11-09 09:47:47,1624.0,3.475000,0.046258,2.561000,0.039711
28,11.09_2_with Cu.root,Cu,Cu,2025-11-09 10:22:36,1875.0,3.778000,0.044888,2.614000,0.037338
28,11.09_3_with Cu.root,Cu,Cu,2025-11-09 10:56:29,1512.0,3.665000,0.049234,2.717000,0.042391
28,11.09_4_with Cu.root,Cu,Cu,2025-11-09 11:24:11,1519.0,3.778000,0.049871,2.757000,0.042603
29,11.10_1_with 12.5.root,12.5,12.5,2025-11-10 13:11:16,246.0,30.677000,0.353133,26.796000,0.330041
29,11.10_2_with 12.5.root,12.5,12.5,2025-11-10 13:18:36,183.0,33.332000,0.426781,29.369000,0.400607
29,11.10_3_with 12.5.root,12.5,12.5,2025-11-10 13:23:49,164.0,34.547000,0.458969,30.909000,0.434131
29,11.10_4_with 12.5.root,12.5,12.5,2025-11-10 13:28:38,218.0,33.457000,0.391756,31.139000,0.377941
30,11.10_1_with Cu.root,Cu,Cu,2025-11-10 09:03:11,1780.0,2.934000,0.040599,2.063000,0.034044
30,11.10_2_with Cu.root,Cu,Cu,2025-11-10 09:35:28,1990.0,3.293000,0.040679,2.374000,0.034539
30,11.10_3_with Cu.root,Cu,Cu,2025-11-10 10:11:37,1673.0,3.303000,0.044433,2.312000,0.037175
30,11.10_4_with Cu.root,Cu,Cu,2025-11-10 10:41:40,1801.0,3.273000,0.042630,2.359000,0.036192
31,11.10_1_with 12.5_1_L.root,12.5,12.5_1_L,2025-11-10 17:28:28,495.0,14.470000,0.170975,12.801000,0.160812
31,11.10_1_with 12.5_1_R.root,12.5,12.5_1_R,2025-11-10 17:18:51,513.0,14.797000,0.169835,13.197000,0.160391
31,11.10_1_with 12.5_4_L.root,12.5,12.5_4_L,2025-11-10 16:46:04,646.0,15.091000,0.152842,13.187000,0.142875
31,11.10_1_with 12.5_4_R.root,12.5,12.5_4_R,2025-11-10 16:58:08,510.0,14.983000,0.171401,13.895000,0.165061
31,11.10_2_with 12.5_2_L.root,12.5,12.5_2_L,2025-11-10 16:30:12,463.0,16.668000,0.189737,14.533000,0.177169
31,11.10_2_with 12.5_2_R.root,12.5,12.5_2_R,2025-11-10 16:38:51,303.0,17.144000,0.237867,15.432000,0.225678
31,11.10_2_with 12.5_3_L.root,12.5,12.5_3_L,2025-11-10 16:10:41,551.0,15.239000,0.166304,13.496000,0.156504
31,11.10_2_with 12.5_3_R.root,12.5,12.5_3_R,2025-11-10 16:21:04,484.0,16.074000,0.182238,14.405000,0.172518
31,11.10_3_with 12.5_8_L.root,12.5,12.5_8_L,2025-11-10 15:05:36,535.0,17.002000,0.178268,14.965000,0.167248
31,11.10_3_with 12.5_8_R.root,12.5,12.5_8_R,2025-11-10 15:16:06,412.0,18.780000,0.213501,16.475000,0.199970
31,11.10_3_with 12.5_9_L.root,12.5,12.5_9_L,2025-11-10 14:45:36,490.0,15.258000,0.176462,13.509000,0.166040
31,11.10_3_with 12.5_9_L_13h.root,12.5,12.5_9_L_13h,2025-11-10 17:48:38,51590.0,12.266000,0.015419,10.908000,0.014541
31,11.10_3_with 12.5_9_R.root,12.5,12.5_9_R,2025-11-10 14:54:42,492.0,16.899000,0.185331,14.735000,0.173058
31,11.10_4_with 12.5_5_L.root,12.5,12.5_5_L,2025-11-10 15:49:11,504.0,16.062000,0.178519,14.620000,0.170317
31,11.10_4_with 12.5_5_R.root,12.5,12.5_5_R,2025-11-10 15:59:59,462.0,18.100000,0.197933,16.126000,0.186828
31,11.10_4_with 12.5_6_L.root,12.5,12.5_6_L,2025-11-10 15:24:19,695.0,15.416000,0.148934,13.859000,0.141213
31,11.10_4_with 12.5_6_R.root,12.5,12.5_6_R,2025-11-10 15:37:41,473.0,17.110000,0.190193,15.225000,0.179411
32,11.11_1_with Cu.root,Cu,Cu,2025-11-11 11:24:23,1765.0,2.556000,0.038055,1.867000,0.032524
32,11.11_2_with Cu.root,Cu,Cu,2025-11-11 10:18:34,1722.0,2.872000,0.040839,1.979000,0.033901
32,11.11_3_with Cu.root,Cu,Cu,2025-11-11 10:49:12,1914.0,2.765000,0.038008,2.029000,0.032559
32,11.11_4_with Cu.root,Cu,Cu,2025-11-11 11:56:13,2255.0,2.825000,0.035395,1.996000,0.029751
33,11.11_1_with 12.5.root,12.5,12.5,2025-11-11 10:04:38,373.0,27.042000,0.269256,24.323000,0.255361
33,11.11_2_with 12.5.root,12.5,12.5,2025-11-11 10:12:21,264.0,28.987000,0.331360,25.558000,0.311144
33,11.11_3_with 12.5.root,12.5,12.5,2025-11-11 09:52:39,292.0,29.358000,0.317082,26.710000,0.302444
33,11.11_4_with 12.5.root,12.5,12.5,2025-11-11 09:59:24,237.0,30.254000,0.357287,26.696000,0.335621
34,11.11_3_with 12.5_9_L_1h.root,12.5,12.5_9_L_1h,2025-11-11 08:48:28,3618.0,14.658000,0.063651,13.256000,0.060530
35,11.12_1_with Cu.root,Cu,Cu,2025-11-12 14:02:40,1777.0,2.119000,0.034532,1.609000,0.030091
35,11.12_2_with Cu.root,Cu,Cu,2025-11-12 13:38:19,1369.0,2.327000,0.041228,1.744000,0.035692
35,11.12_3_with Cu.root,Cu,Cu,2025-11-12 13:16:05,1250.0,2.303000,0.042923,1.653000,0.036365
35,11.12_4_with Cu.root,Cu,Cu,2025-11-12 12:44:25,1811.0,2.371000,0.036183,1.713000,0.030755
36,11.12_1_with 12.5.root,12.5,12.5,2025-11-12 12:04:51,515.0,23.325000,0.212817,20.497000,0.199499
36,11.12_2_with 12.5.root,12.5,12.5,2025-11-12 12:15:07,368.0,24.756000,0.259368,21.789000,0.243329
36,11.12_3_with 12.5.root,12.5,12.5,2025-11-12 12:23:26,583.0,25.320000,0.208400,22.565000,0.196736
36,11.12_4_with 12.5.root,12.5,12.5,2025-11-12 12:34:33,441.0,25.543000,0.240667,22.826000,0.227507
37,11.13_1_with Cu.root,Cu,Cu,2025-11-13 11:38:28,3195.0,1.926000,0.024552,1.359000,0.020624
37,11.13_2_with Cu.root,Cu,Cu,2025-11-13 11:06:13,1853.0,1.980000,0.032688,1.451000,0.027983
37,11.13_3_with Cu.root,Cu,Cu,2025-11-13 10:31:38,1990.0,2.091000,0.032415,1.545000,0.027864
37,11.13_4_with Cu.root,Cu,Cu,2025-11-13 09:56:23,2019.0,2.130000,0.032480,1.566000,0.027850
38,11.13_1_with 12.5.root,12.5,12.5,2025-11-13 09:26:28,494.0,19.723000,0.199813,17.832000,0.189993
38,11.13_2_with 12.5.root,12.5,12.5,2025-11-13 09:36:12,517.0,21.476000,0.203813,19.862000,0.196005
38,11.13_3_with 12.5.root,12.5,12.5,2025-11-13 09:09:35,889.0,22.027000,0.157408,19.961000,0.149844
38,11.13_4_with 12.5.root,12.5,12.5,2025-11-13 09:55:06,516.0,22.081000,0.206864,19.948000,0.196619
39,11.13_3_with 12.5_9_L_19h.root,12.5,12.5_9_L_19h,2025-11-12 21:43:16,64912.0,10.425000,0.012673,9.398000,0.012032
39,11.14_1_with 12.5.root,12.5,12.5,2025-11-14 12:05:24,648.0,16.607000,0.160088,15.336000,0.153840
39,11.14_2_with 12.5.root,12.5,12.5,2025-11-14 11:52:19,697.0,17.935000,0.160411,16.264000,0.152756
39,11.14_3_with 12.5.root,12.5,12.5,2025-11-14 11:42:18,520.0,18.259000,0.187386,17.253000,0.182151
39,11.14_4_with 12.5.root,12.5,12.5,2025-11-14 11:28:52,715.0,18.658000,0.161540,16.884000,0.153668
40,11.14_1_with Cu.root,Cu,Cu,2025-11-14 09:17:19,1786.0,1.569000,0.029639,1.182000,0.025726
40,11.14_2_with Cu.root,Cu,Cu,2025-11-14 09:48:37,1786.0,1.844000,0.032132,1.284000,0.026813
40,11.14_3_with Cu.root,Cu,Cu,2025-11-14 10:19:56,2140.0,1.657000,0.027826,1.287000,0.024523
40,11.14_4_with Cu.root,Cu,Cu,2025-11-14 10:56:54,1792.0,1.866000,0.032269,1.330000,0.027243
41,11.15_1_with 12.5.root,12.5,12.5,2025-11-15 09:05:10,410.0,14.218000,0.186220,12.592000,0.175249
41,11.15_2_with 12.5.root,12.5,12.5,2025-11-15 09:13:19,406.0,16.015000,0.198610,14.484000,0.188878
41,11.15_3_with 12.5.root,12.5,12.5,2025-11-15 09:21:18,427.0,16.043000,0.193834,14.928000,0.186976
41,11.15_4_with 12.5.root,12.5,12.5,2025-11-15 09:29:41,457.0,15.870000,0.186350,15.030000,0.181352
42,11.15_1_with Cu.root,Cu,Cu,2025-11-15 11:12:27,1802.0,1.512000,0.028967,1.027000,0.023873
42,11.15_2_with Cu.root,Cu,Cu,2025-11-15 10:41:18,1791.0,1.575000,0.029655,1.122000,0.025029
42,11.15_3_with Cu.root,Cu,Cu,2025-11-15 10:10:10,1788.0,1.491000,0.028877,1.155000,0.025416
42,11.15_4_with Cu.root,Cu,Cu,2025-11-15 09:38:54,1797.0,1.566000,0.029520,1.130000,0.025076
43,11.16_1_with 12.5.root,12.5,12.5,2025-11-16 11:17:38,464.0,11.953000,0.160502,11.307000,0.156104
43,11.16_2_with 12.5.root,12.5,12.5,2025-11-16 11:26:48,595.0,13.079000,0.148262,12.338000,0.144000
43,11.16_3_with 12.5.root,12.5,12.5,2025-11-16 11:38:04,678.0,13.750000,0.142409,12.575000,0.136188
43,11.16_4_with 12.5.root,12.5,12.5,2025-11-16 11:50:37,478.0,13.657000,0.169030,12.883000,0.164170
44,11.17_1_with 12.5.root,12.5,12.5,2025-11-17 09:22:52,530.0,10.603000,0.141441,9.602000,0.134599
44,11.17_2_with 12.5.root,12.5,12.5,2025-11-17 09:33:01,507.0,11.310000,0.149358,10.807000,0.145999
44,11.17_3_with 12.5.root,12.5,12.5,2025-11-17 09:42:40,493.0,11.487000,0.152644,11.132000,0.150267
44,11.17_4_with 12.5.root,12.5,12.5,2025-11-17 09:52:06,531.0,11.677000,0.148292,10.818000,0.142734
1,12.03_1_with 0.root,0,0,2025-12-03 11:59:23,977.0,2.674000,0.052316,3.900000,0.063181
1,12.03_2_with 0.root,0,0,2025-12-03 11:40:27,1048.0,3.214000,0.055379,4.393000,0.064744
1,12.03_3_with 0.root,0,0,2025-12-03 11:21:59,1023.0,3.248000,0.056347,4.498000,0.066309
1,12.03_4_with 0.root,0,0,2025-12-03 11:03:27,1021.0,3.206000,0.056036,4.491000,0.066322
2,12.04_1_with 0.root,0,0,2025-12-04 10:37:03,1093.0,2.371000,0.046575,3.657000,0.057843
2,12.04_2_with 0.root,0,0,2025-12-04 10:56:50,1104.0,2.754000,0.049946,3.987000,0.060095
2,12.04_3_with 0.root,0,0,2025-12-04 11:16:42,1509.0,2.673000,0.042088,4.040000,0.051742
2,12.04_4_with 0.root,0,0,2025-12-04 11:43:17,1292.0,2.843000,0.046909,4.033000,0.055871
3,12.05_1_with 0.root,0,0,2025-12-05 12:17:27,1293.0,2.036000,0.039682,3.336000,0.050794
3,12.05_2_with 0.root,0,0,2025-12-05 11:49:19,1576.0,2.259000,0.037860,3.680000,0.048322
3,12.05_3_with 0.root,0,0,2025-12-05 11:27:50,1213.0,2.468000,0.045107,3.696000,0.055200
3,12.05_4_with 0.root,0,0,2025-12-05 11:05:28,1264.0,2.361000,0.043219,3.710000,0.054177
9,12.09_1_with 0_0.5.root,0_0.5,0_0.5,2025-12-09 11:01:05,1312.0,2.627000,0.044747,5.248000,0.063246
9,12.09_2_with 0_0.5.root,0_0.5,0_0.5,2025-12-09 11:25:05,2567.0,2.998000,0.034175,5.798000,0.047525
9,12.09_3_with 0_0.5.root,0_0.5,0_0.5,2025-12-09 12:10:46,1213.0,2.992000,0.049665,5.828000,0.069315
9,12.09_4_with 0_0.5.root,0_0.5,0_0.5,2025-12-09 12:32:40,1027.0,3.080000,0.054763,5.919000,0.075917
9,12.10_1_with 0_0.5.root,0_0.5,0_0.5,2025-12-10 10:47:53,323.0,2.616000,0.089995,5.155000,0.126332
9,12.10_2_with 0_0.5.root,0_0.5,0_0.5,2025-12-10 10:54:29,1138.0,2.597000,0.047771,5.342000,0.068514
9,12.10_3_with 0_0.5.root,0_0.5,0_0.5,2025-12-10 11:33:15,555.0,2.723000,0.070045,5.591000,0.100369
9,12.10_4_with 0_0.5.root,0_0.5,0_0.5,2025-12-10 11:58:50,687.0,2.567000,0.061127,5.509000,0.089548
9,12.10_1_with 1_0.5.root,1_0.5,1_0.5,2025-12-10 11:14:42,977.0,2.430000,0.049872,5.018000,0.071667
9,12.10_2_with 1_0.5.root,1_0.5,1_0.5,2025-12-10 11:43:20,845.0,2.606000,0.055534,5.178000,0.078280
9,12.10_3_with 1_0.5.root,1_0.5,1_0.5,2025-12-10 12:11:10,820.0,2.695000,0.057329,5.355000,0.080811
9,12.10_4_with 1_0.5.root,1_0.5,1_0.5,2025-12-10 12:26:18,1954.0,2.642000,0.036771,5.357000,0.052360
9,12.11_1_with 1_0.5.root,1_0.5,1_0.5,2025-12-11 11:20:03,1423.0,2.123000,0.038625,4.615000,0.056949
9,12.11_2_with 1_0.5.root,1_0.5,1_0.5,2025-12-11 11:45:47,2053.0,2.269000,0.033245,4.981000,0.049257
9,12.11_3_with 1_0.5.root,1_0.5,1_0.5,2025-12-11 12:21:52,1487.0,2.255000,0.038942,5.005000,0.058016
9,12.11_4_with 1_0.5.root,1_0.5,1_0.5,2025-12-11 12:48:20,3476.0,2.351000,0.026007,5.068000,0.038184
9,12.12_1_with 1_0.5.root,1_0.5,1_0.5,2025-12-12 11:32:24,1398.0,1.953000,0.037376,4.343000,0.055737
9,12.12_2_with 1_0.5.root,1_0.5,1_0.5,2025-12-12 11:57:09,1337.0,2.005000,0.038725,4.782000,0.059805
9,12.12_3_with 1_0.5.root,1_0.5,1_0.5,2025-12-12 12:20:57,1481.0,1.999000,0.036739,4.594000,0.055695
9,12.12_4_with 1_0.5.root,1_0.5,1_0.5,2025-12-12 12:47:10,1466.0,2.035000,0.037258,4.734000,0.056826
2,12.13_1_with 1_0.5.root,1_0.5,1_0.5,2025-12-13 12:25:31,1612.0,1.773000,0.033164,4.101000,0.050439
2,12.13_2_with 1_0.5.root,1_0.5,1_0.5,2025-12-13 12:53:58,1586.0,1.717000,0.032903,4.538000,0.053491
2,12.13_3_with 1_0.5.root,1_0.5,1_0.5,2025-12-13 13:21:59,1582.0,1.767000,0.033421,4.486000,0.053251
2,12.13_4_with 1_0.5.root,1_0.5,1_0.5,2025-12-13 13:50:02,1684.0,1.835000,0.033010,4.438000,0.051336
3,12.14_1_with 1_0.5.root,1_0.5,1_0.5,2025-12-14 17:19:25,1773.0,1.580000,0.029852,3.934000,0.047105
3,12.14_2_with 1_0.5.root,1_0.5,1_0.5,2025-12-14 17:50:57,1881.0,1.649000,0.029608,4.277000,0.047684
3,12.14_3_with 1_0.5.root,1_0.5,1_0.5,2025-12-14 18:23:53,3473.0,1.636000,0.021704,4.344000,0.035367
3,12.14_4_with 1_0.5.root,1_0.5,1_0.5,2025-12-14 19:24:05,3553.0,1.555000,0.020920,4.346000,0.034974
4,12.15_1_with 1_0.5.root,1_0.5,1_0.5,2025-12-15 05:52:26,1895.0,1.475000,0.027899,3.835000,0.044986
4,12.15_2_with 1_0.5.root,1_0.5,1_0.5,2025-12-15 06:25:45,1824.0,1.511000,0.028782,4.075000,0.047266
4,12.15_3_with 1_0.5.root,1_0.5,1_0.5,2025-12-15 06:57:55,2290.0,1.578000,0.026250,4.221000,0.042933
4,12.15_4_with 1_0.5.root,1_0.5,1_0.5,2025-12-15 07:37:49,1872.0,1.594000,0.029180,4.221000,0.047485
5,12.16_1_with 1_0.5.root,1_0.5,1_0.5,2025-12-16 17:39:58,3289.0,1.291000,0.019812,3.515000,0.032691
5,12.16_2_with 1_0.5.root,1_0.5,1_0.5,2025-12-16 18:36:45,1914.0,1.416000,0.027199,3.896000,0.045117
5,12.16_3_with 1_0.5.root,1_0.5,1_0.5,2025-12-16 19:10:04,2200.0,1.395000,0.025181,3.925000,0.042239
5,12.16_4_with 1_0.5.root,1_0.5,1_0.5,2025-12-16 19:48:25,2933.0,1.406000,0.021895,3.962000,0.036754
6,12.17_1_with 1_0.5.root,1_0.5,1_0.5,2025-12-17 12:45:59,2662.0,1.309000,0.022175,3.556000,0.036549
6,12.17_2_with 1_0.5.root,1_0.5,1_0.5,2025-12-17 13:32:01,1850.0,1.274000,0.026242,3.832000,0.045512
6,12.17_3_with 1_0.5.root,1_0.5,1_0.5,2025-12-17 14:04:25,1895.0,1.242000,0.025601,3.890000,0.045308
6,12.17_4_with 1_0.5.root,1_0.5,1_0.5,2025-12-17 14:37:36,1748.0,1.138000,0.025515,3.745000,0.046287
7,12.18_1_with 1_0.5.root,1_0.5,1_0.5,2025-12-18 18:08:20,2016.0,1.216000,0.024560,3.297000,0.040440
7,12.18_2_with 1_0.5.root,1_0.5,1_0.5,2025-12-18 18:43:18,3365.0,1.050000,0.017665,3.599000,0.032704
7,12.18_3_with 1_0.5.root,1_0.5,1_0.5,2025-12-18 19:41:01,2222.0,1.134000,0.022591,3.737000,0.041010
7,12.18_4_with 1_0.5.root,1_0.5,1_0.5,2025-12-18 20:19:39,3950.0,1.123000,0.016861,3.719000,0.030684
8,12.19_1_with 1_0.5.root,1_0.5,1_0.5,2025-12-19 05:25:02,1883.0,1.139000,0.024594,3.352000,0.042192
8,12.19_2_with 1_0.5.root,1_0.5,1_0.5,2025-12-19 05:58:00,2255.0,1.171000,0.022788,3.550000,0.039677
8,12.19_3_with 1_0.5.root,1_0.5,1_0.5,2025-12-19 06:37:25,2668.0,1.065000,0.019979,3.616000,0.036815
8,12.19_4_with 1_0.5.root,1_0.5,1_0.5,2025-12-19 07:23:52,2648.0,1.129000,0.020648,3.672000,0.037239
9,12.20_1_with 1_0.5.root,1_0.5,1_0.5,2025-12-20 19:40:44,3893.0,0.915000,0.015331,3.183000,0.028594
9,12.20_2_with 1_0.5.root,1_0.5,1_0.5,2025-12-20 20:47:55,3513.0,0.968000,0.016600,3.401000,0.031115
