X,Y
0.499878,0
1.49963,0
2.49939,0
3.49915,0
4.4989,0
5.49866,0
6.49841,0
7.49817,0
8.49793,0
9.49768,0
10.4974,0
11.4972,0
12.4969,0
13.4967,0
14.4965,0
15.4962,0
16.496,0
17.4957,0
18.4955,0
19.4952,0
20.495,0
21.4948,0
22.4945,0
23.4943,0
24.494,0
25.4938,0
26.4935,0
27.4933,0
28.493,0
29.4928,0
30.4926,0
31.4923,0
32.4921,0
33.4918,0
34.4916,0
35.4913,0
36.4911,0
37.4908,0
38.4906,0
39.4904,0
40.4901,0
41.4899,0
42.4896,0
43.4894,0
44.4891,0
45.4889,0
46.4887,0
47.4884,0
48.4882,0
49.4879,0
50.4877,0
51.4874,0
52.4872,0
53.4869,0
54.4867,0
55.4865,0
56.4862,0
57.486,0
58.4857,0
59.4855,0
60.4852,0
61.485,0
62.4847,0
63.4845,0
64.4843,0
65.484,0
66.4838,0
67.4835,0
68.4833,0
69.483,0
70.4828,0
71.4825,0
72.4823,0
73.4821,0
74.4818,0
75.4816,0
76.4813,0
77.4811,0
78.4808,0
79.4806,0
80.4804,0
81.4801,0
82.4799,0
83.4796,0
84.4794,0
85.4791,0
86.4789,0
87.4786,0
88.4784,0
89.4782,4
90.4779,13
91.4777,40
92.4774,130
93.4772,384
94.4769,759
95.4767,1574
96.4764,3182
97.4762,5682
98.476,9277
99.4757,14263
100.475,20753
101.475,27192
102.475,33638
103.475,38940
104.474,42100
105.474,42776
106.474,41033
107.474,37001
108.474,31586
109.473,25673
110.473,19698
111.473,14186
112.473,9774
113.472,6411
114.472,4132
115.472,2611
116.472,1661
117.471,1105
118.471,804
119.471,677
120.471,620
121.47,508
122.47,536
123.47,508
124.47,479
125.469,425
126.469,382
127.469,360
128.469,359
129.468,310
130.468,276
131.468,231
132.468,237
133.467,212
134.467,204
135.467,203
136.467,172
137.466,194
138.466,170
139.466,162
140.466,125
141.465,130
142.465,128
143.465,133
144.465,119
145.464,102
146.464,127
147.464,126
148.464,97
149.464,110
150.463,106
151.463,80
152.463,102
153.463,77
154.462,84
155.462,85
156.462,83
157.462,65
158.461,66
159.461,95
160.461,86
161.461,91
162.46,76
163.46,72
164.46,73
165.46,66
166.459,79
167.459,87
168.459,72
169.459,90
170.458,89
171.458,81
172.458,73
173.458,81
174.457,68
175.457,77
176.457,74
177.457,65
178.456,68
179.456,69
180.456,53
181.456,58
182.455,50
183.455,74
184.455,55
185.455,84
186.454,65
187.454,67
188.454,55
189.454,53
190.454,69
191.453,60
192.453,64
193.453,64
194.453,51
195.452,60
196.452,67
197.452,63
198.452,56
199.451,66
200.451,59
201.451,56
202.451,66
203.45,51
204.45,64
205.45,65
206.45,41
207.449,66
208.449,65
209.449,62
210.449,52
211.448,57
212.448,63
213.448,57
214.448,61
215.447,43
216.447,60
217.447,48
218.447,60
219.446,54
220.446,48
221.446,51
222.446,52
223.445,52
224.445,59
225.445,53
226.445,45
227.444,59
228.444,56
229.444,54
230.444,54
231.443,68
232.443,48
233.443,51
234.443,43
235.443,57
236.442,54
237.442,42
238.442,45
239.442,56
240.441,59
241.441,48
242.441,45
243.441,45
244.44,45
245.44,44
246.44,50
247.44,43
248.439,41
249.439,54
250.439,30
251.439,48
252.438,54
253.438,49
254.438,50
255.438,53
256.437,48
257.437,42
258.437,55
259.437,54
260.436,41
261.436,39
262.436,52
263.436,58
264.435,57
265.435,45
266.435,58
267.435,49
268.434,46
269.434,41
270.434,40
271.434,51
272.433,51
273.433,42
274.433,52
275.433,55
276.433,43
277.432,48
278.432,42
279.432,46
280.432,43
281.431,44
282.431,44
283.431,50
284.431,40
285.43,37
286.43,55
287.43,45
288.43,46
289.429,44
290.429,43
291.429,33
292.429,53
293.428,39
294.428,37
295.428,53
296.428,40
297.427,46
298.427,33
299.427,37
300.427,47
301.426,42
302.426,47
303.426,34
304.426,44
305.425,43
306.425,51
307.425,50
308.425,42
309.424,55
310.424,43
311.424,43
312.424,34
313.423,44
314.423,39
315.423,56
316.423,58
317.423,54
318.422,57
319.422,48
320.422,66
321.422,61
322.421,62
323.421,59
324.421,71
325.421,61
326.42,64
327.42,80
328.42,72
329.42,77
330.419,73
331.419,95
332.419,105
333.419,105
334.418,104
335.418,102
336.418,119
337.418,116
338.417,100
339.417,126
340.417,129
341.417,134
342.416,137
343.416,152
344.416,166
345.416,182
346.415,167
347.415,178
348.415,184
349.415,203
350.414,179
351.414,180
352.414,197
353.414,192
354.413,242
355.413,248
356.413,221
357.413,225
358.412,278
359.412,226
360.412,232
361.412,258
362.412,250
363.411,264
364.411,265
365.411,267
366.411,295
367.41,263
368.41,259
369.41,275
370.41,281
371.409,275
372.409,278
373.409,304
374.409,246
375.408,273
376.408,262
377.408,287
378.408,255
379.407,288
380.407,264
381.407,267
382.407,244
383.406,251
384.406,231
385.406,240
386.406,212
387.405,215
388.405,220
389.405,204
390.405,240
391.404,188
392.404,220
393.404,173
394.404,179
395.403,170
396.403,194
397.403,164
398.403,162
399.402,180
400.402,161
401.402,149
402.402,149
403.402,152
404.401,134
405.401,147
406.401,121
407.401,114
408.4,112
409.4,115
410.4,133
411.4,108
412.399,91
413.399,90
414.399,101
415.399,100
416.398,88
417.398,77
418.398,97
419.398,92
420.397,88
421.397,80
422.397,78
423.397,82
424.396,45
425.396,81
426.396,71
427.396,71
428.395,66
429.395,59
430.395,63
431.395,52
432.394,60
433.394,54
434.394,43
435.394,34
436.393,58
437.393,47
438.393,52
439.393,46
440.392,41
441.392,36
442.392,48
443.392,42
444.392,31
445.391,35
446.391,37
447.391,29
448.391,33
449.39,32
450.39,38
451.39,30
452.39,34
453.389,22
454.389,31
455.389,30
456.389,22
457.388,27
458.388,38
459.388,29
460.388,28
461.387,34
462.387,26
463.387,31
464.387,30
465.386,33
466.386,31
467.386,24
468.386,12
469.385,18
470.385,15
471.385,8
472.385,16
473.384,17
474.384,15
475.384,8
476.384,12
477.383,8
478.383,12
479.383,13
480.383,15
481.382,14
482.382,11
483.382,10
484.382,14
485.381,8
486.381,6
487.381,10
488.381,9
489.381,8
490.38,8
491.38,13
492.38,8
493.38,11
494.379,3
495.379,8
496.379,7
497.379,3
498.378,10
499.378,5
500.378,3
501.378,7
502.377,7
503.377,5
504.377,7
505.377,11
506.376,2
507.376,8
508.376,10
509.376,10
510.375,0
511.375,2
512.375,3
513.375,2
514.374,5
515.374,6
516.374,4
517.374,2
518.373,4
519.373,3
520.373,2
521.373,4
522.372,2
523.372,3
524.372,5
525.372,4
526.371,2
527.371,4
528.371,2
529.371,7
530.371,5
531.37,4
532.37,2
533.37,5
534.37,2
535.369,3
536.369,3
537.369,1
538.369,1
539.368,0
540.368,4
541.368,2
542.368,2
543.367,1
544.367,1
545.367,3
546.367,0
547.366,2
548.366,0
549.366,2
550.366,0
551.365,2
552.365,1
553.365,1
554.365,1
555.364,1
556.364,0
557.364,2
558.364,2
559.363,1
560.363,1
561.363,1
562.363,2
563.362,3
564.362,0
565.362,1
566.362,0
567.361,1
568.361,3
569.361,0
570.361,1
571.361,3
572.36,2
573.36,1
574.36,0
575.36,1
576.359,0
577.359,0
578.359,0
579.359,1
580.358,1
581.358,0
582.358,0
583.358,0
584.357,3
585.357,0
586.357,0
587.357,0
588.356,0
589.356,1
590.356,0
591.356,1
592.355,1
593.355,1
594.355,0
595.355,0
596.354,1
597.354,1
598.354,1
599.354,0
600.353,1
601.353,3
602.353,1
603.353,1
604.352,1
605.352,0
606.352,2
607.352,1
608.351,1
609.351,1
610.351,2
611.351,0
612.351,0
613.35,0
614.35,0
615.35,1
616.35,2
617.349,1
618.349,2
619.349,0
620.349,0
621.348,1
622.348,1
623.348,0
624.348,1
625.347,0
626.347,2
627.347,2
628.347,0
629.346,0
630.346,1
631.346,0
632.346,0
633.345,0
634.345,0
635.345,0
636.345,1
637.344,1
638.344,1
639.344,1
640.344,0
641.343,2
642.343,0
643.343,0
644.343,1
645.342,1
646.342,1
647.342,1
648.342,0
649.341,1
650.341,0
651.341,1
652.341,0
653.34,1
654.34,0
655.34,0
656.34,1
657.34,1
658.339,1
659.339,2
660.339,0
661.339,0
662.338,0
663.338,1
664.338,0
665.338,0
666.337,0
667.337,0
668.337,1
669.337,1
670.336,0
671.336,0
672.336,0
673.336,1
674.335,1
675.335,1
676.335,2
677.335,3
678.334,1
679.334,2
680.334,0
681.334,0
682.333,1
683.333,1
684.333,0
685.333,0
686.332,0
687.332,1
688.332,1
689.332,1
690.331,2
691.331,0
692.331,1
693.331,0
694.33,0
695.33,1
696.33,2
697.33,1
698.33,0
699.329,1
700.329,0
701.329,0
702.329,1
703.328,1
704.328,1
705.328,1
706.328,0
707.327,1
708.327,0
709.327,1
710.327,0
711.326,0
712.326,0
713.326,0
714.326,0
715.325,1
716.325,1
717.325,0
718.325,0
719.324,0
720.324,0
721.324,0
722.324,0
723.323,0
724.323,0
725.323,0
726.323,0
727.322,0
728.322,2
729.322,1
730.322,0
731.321,0
732.321,0
733.321,1
734.321,1
735.32,1
736.32,1
737.32,0
738.32,1
739.32,0
740.319,1
741.319,0
742.319,0
743.319,1
744.318,0
745.318,1
746.318,1
747.318,0
748.317,1
749.317,1
750.317,1
751.317,0
752.316,1
753.316,2
754.316,0
755.316,0
756.315,0
757.315,1
758.315,0
759.315,0
760.314,0
761.314,2
762.314,0
763.314,0
764.313,1
765.313,0
766.313,2
767.313,0
768.312,3
769.312,1
770.312,0
771.312,0
772.311,0
773.311,0
774.311,1
775.311,1
776.31,0
777.31,1
778.31,0
779.31,0
780.309,0
781.309,2
782.309,1
783.309,1
784.309,0
785.308,1
786.308,1
787.308,0
788.308,1
789.307,1
790.307,0
791.307,0
792.307,1
793.306,0
794.306,0
795.306,1
796.306,1
797.305,2
798.305,2
799.305,0
800.305,1
801.304,0
802.304,0
803.304,0
804.304,0
805.303,1
806.303,1
807.303,0
808.303,0
809.302,0
810.302,1
811.302,0
812.302,0
813.301,1
814.301,1
815.301,1
816.301,1
817.3,1
818.3,1
819.3,0
820.3,1
821.299,1
822.299,0
823.299,1
824.299,0
825.299,1
826.298,0
827.298,1
828.298,1
829.298,1
830.297,3
831.297,1
832.297,0
833.297,1
834.296,0
835.296,1
836.296,1
837.296,0
838.295,4
839.295,2
840.295,2
841.295,2
842.294,2
843.294,2
844.294,0
845.294,1
846.293,0
847.293,0
848.293,0
849.293,0
850.292,1
851.292,1
852.292,0
853.292,0
854.291,1
855.291,1
856.291,2
857.291,0
858.29,1
859.29,1
860.29,0
861.29,2
862.289,1
863.289,1
864.289,1
865.289,0
866.289,0
867.288,1
868.288,0
869.288,0
870.288,1
871.287,1
872.287,0
873.287,1
874.287,1
875.286,1
876.286,1
877.286,0
878.286,0
879.285,1
880.285,1
881.285,0
882.285,1
883.284,2
884.284,0
885.284,0
886.284,1
887.283,0
888.283,0
889.283,0
890.283,1
891.282,1
892.282,1
893.282,0
894.282,1
895.281,1
896.281,1
897.281,0
898.281,0
899.28,2
900.28,0
901.28,0
902.28,2
903.279,3
904.279,1
905.279,3
906.279,3
907.278,0
908.278,1
909.278,0
910.278,0
911.278,0
912.277,0
913.277,1
914.277,1
915.277,2
916.276,1
917.276,2
918.276,1
919.276,0
920.275,0
921.275,0
922.275,0
923.275,0
924.274,0
925.274,0
926.274,0
927.274,2
928.273,0
929.273,0
930.273,0
931.273,0
932.272,0
933.272,2
934.272,1
935.272,1
936.271,2
937.271,4
938.271,2
939.271,0
940.27,1
941.27,1
942.27,2
943.27,0
944.269,0
945.269,0
946.269,1
947.269,2
948.268,1
949.268,1
950.268,1
951.268,1
952.268,1
953.267,1
954.267,1
955.267,0
956.267,1
957.266,0
958.266,0
959.266,2
960.266,1
961.265,0
962.265,1
963.265,1
964.265,0
965.264,0
966.264,0
967.264,2
968.264,1
969.263,2
970.263,1
971.263,3
972.263,0
973.262,2
974.262,0
975.262,1
976.262,2
977.261,2
978.261,1
979.261,0
980.261,0
981.26,2
982.26,0
983.26,0
984.26,0
985.259,1
986.259,0
987.259,0
988.259,0
989.258,2
990.258,0
991.258,0
992.258,0
993.258,2
994.257,1
995.257,0
996.257,0
997.257,0
998.256,2
999.256,1
1000.26,2
1001.26,0
1002.26,0
1003.26,4
1004.25,1
1005.25,0
1006.25,1
1007.25,2
1008.25,0
1009.25,0
1010.25,0
1011.25,3
1012.25,1
1013.25,2
1014.25,0
1015.25,1
1016.25,2
1017.25,0
1018.25,2
1019.25,0
1020.25,0
1021.25,0
1022.25,1
1023.25,2
1024.25,0
1025.25,2
1026.25,0
1027.25,1
1028.25,1
1029.25,4
1030.25,1
1031.25,1
1032.25,1
1033.25,1
1034.25,1
1035.25,2
1036.25,2
1037.25,1
1038.25,0
1039.25,2
1040.25,0
1041.25,3
1042.25,1
1043.25,3
1044.25,1
1045.24,2
1046.24,1
1047.24,1
1048.24,1
1049.24,0
1050.24,1
1051.24,1
1052.24,0
1053.24,1
1054.24,0
1055.24,1
1056.24,1
1057.24,1
1058.24,2
1059.24,1
1060.24,0
1061.24,1
1062.24,0
1063.24,0
1064.24,3
1065.24,3
1066.24,0
1067.24,3
1068.24,0
1069.24,0
1070.24,0
1071.24,2
1072.24,1
1073.24,0
1074.24,0
1075.24,1
1076.24,4
1077.24,0
1078.24,1
1079.24,1
1080.24,1
1081.24,1
1082.24,3
1083.24,2
1084.24,0
1085.24,1
1086.23,1
1087.23,0
1088.23,1
1089.23,1
1090.23,1
1091.23,1
1092.23,0
1093.23,2
1094.23,2
1095.23,2
1096.23,1
1097.23,0
1098.23,1
1099.23,2
1100.23,0
1101.23,2
1102.23,1
1103.23,0
1104.23,2
1105.23,3
1106.23,0
1107.23,1
1108.23,2
1109.23,0
1110.23,0
1111.23,1
1112.23,0
1113.23,4
1114.23,3
1115.23,0
1116.23,1
1117.23,2
1118.23,2
1119.23,1
1120.23,1
1121.23,1
1122.23,1
1123.23,1
1124.23,0
1125.23,5
1126.23,0
1127.22,0
1128.22,0
1129.22,2
1130.22,4
1131.22,1
1132.22,2
1133.22,2
1134.22,2
1135.22,1
1136.22,1
1137.22,1
1138.22,1
1139.22,0
1140.22,4
1141.22,2
1142.22,3
1143.22,1
1144.22,3
1145.22,0
1146.22,1
1147.22,0
1148.22,1
1149.22,4
1150.22,1
1151.22,2
1152.22,1
1153.22,0
1154.22,1
1155.22,0
1156.22,1
1157.22,3
1158.22,1
1159.22,0
1160.22,2
1161.22,1
1162.22,3
1163.22,1
1164.22,2
1165.22,2
1166.22,0
1167.22,1
1168.21,1
1169.21,0
1170.21,2
1171.21,1
1172.21,2
1173.21,0
1174.21,7
1175.21,2
1176.21,2
1177.21,0
1178.21,1
1179.21,0
1180.21,0
1181.21,1
1182.21,2
1183.21,1
1184.21,1
1185.21,0
1186.21,0
1187.21,0
1188.21,0
1189.21,1
1190.21,2
1191.21,3
1192.21,4
1193.21,1
1194.21,1
1195.21,4
1196.21,1
1197.21,0
1198.21,3
1199.21,2
1200.21,5
1201.21,1
1202.21,1
1203.21,1
1204.21,0
1205.21,1
1206.21,2
1207.21,2
1208.21,1
1209.2,3
1210.2,2
1211.2,2
1212.2,1
1213.2,5
1214.2,2
1215.2,5
1216.2,3
1217.2,2
1218.2,3
1219.2,1
1220.2,3
1221.2,2
1222.2,4
1223.2,0
1224.2,3
1225.2,1
1226.2,0
1227.2,1
1228.2,1
1229.2,0
1230.2,1
1231.2,2
1232.2,2
1233.2,1
1234.2,4
1235.2,2
1236.2,1
1237.2,2
1238.2,3
1239.2,3
1240.2,1
1241.2,5
1242.2,2
1243.2,0
1244.2,1
1245.2,5
1246.2,0
1247.2,5
1248.2,0
1249.2,1
1250.19,2
1251.19,3
1252.19,2
1253.19,3
1254.19,1
1255.19,2
1256.19,1
1257.19,2
1258.19,8
1259.19,1
1260.19,2
1261.19,2
1262.19,5
1263.19,2
1264.19,2
1265.19,2
1266.19,2
1267.19,3
1268.19,3
1269.19,2
1270.19,2
1271.19,2
1272.19,1
1273.19,3
1274.19,2
1275.19,2
1276.19,1
1277.19,2
1278.19,3
1279.19,1
1280.19,3
1281.19,3
1282.19,4
1283.19,7
1284.19,1
1285.19,4
1286.19,2
1287.19,3
1288.19,1
1289.19,3
1290.19,1
1291.18,2
1292.18,1
1293.18,4
1294.18,4
1295.18,3
1296.18,3
1297.18,3
1298.18,8
1299.18,5
1300.18,3
1301.18,3
1302.18,2
1303.18,1
1304.18,5
1305.18,3
1306.18,3
1307.18,3
1308.18,4
1309.18,3
1310.18,6
1311.18,3
1312.18,7
1313.18,4
1314.18,3
1315.18,5
1316.18,1
1317.18,6
1318.18,3
1319.18,4
1320.18,1
1321.18,6
1322.18,6
1323.18,10
1324.18,4
1325.18,4
1326.18,10
1327.18,7
1328.18,9
1329.18,6
1330.18,5
1331.18,2
1332.17,3
1333.17,9
1334.17,11
1335.17,7
1336.17,6
1337.17,11
1338.17,13
1339.17,6
1340.17,10
1341.17,3
1342.17,9
1343.17,10
1344.17,8
1345.17,11
1346.17,9
1347.17,4
1348.17,8
1349.17,6
1350.17,4
1351.17,9
1352.17,12
1353.17,6
1354.17,10
1355.17,8
1356.17,17
1357.17,2
1358.17,11
1359.17,6
1360.17,8
1361.17,11
1362.17,7
1363.17,13
1364.17,7
1365.17,6
1366.17,9
1367.17,4
1368.17,6
1369.17,10
1370.17,10
1371.17,6
1372.16,13
1373.16,9
1374.16,4
1375.16,7
1376.16,8
1377.16,11
1378.16,4
1379.16,4
1380.16,2
1381.16,10
1382.16,7
1383.16,9
1384.16,5
1385.16,8
1386.16,6
1387.16,7
1388.16,6
1389.16,9
1390.16,3
1391.16,12
1392.16,5
1393.16,9
1394.16,4
1395.16,8
1396.16,9
1397.16,5
1398.16,9
1399.16,5
1400.16,5
1401.16,6
1402.16,10
1403.16,11
1404.16,1
1405.16,6
1406.16,5
1407.16,4
1408.16,5
1409.16,6
1410.16,4
1411.16,5
1412.16,3
1413.15,2
1414.15,5
1415.15,4
1416.15,2
1417.15,5
1418.15,3
1419.15,4
1420.15,4
1421.15,1
1422.15,2
1423.15,2
1424.15,2
1425.15,3
1426.15,2
1427.15,2
1428.15,2
1429.15,4
1430.15,4
1431.15,3
1432.15,4
1433.15,0
1434.15,1
1435.15,3
1436.15,2
1437.15,5
1438.15,3
1439.15,2
1440.15,1
1441.15,1
1442.15,4
1443.15,3
1444.15,5
1445.15,2
1446.15,1
1447.15,1
1448.15,3
1449.15,4
1450.15,2
1451.15,2
1452.15,2
1453.15,3
1454.14,2
1455.14,2
1456.14,3
1457.14,1
1458.14,1
1459.14,0
1460.14,3
1461.14,0
1462.14,3
1463.14,3
1464.14,2
1465.14,4
1466.14,5
1467.14,2
1468.14,2
1469.14,1
1470.14,5
1471.14,1
1472.14,2
1473.14,1
1474.14,2
1475.14,1
1476.14,3
1477.14,4
1478.14,5
1479.14,3
1480.14,2
1481.14,2
1482.14,3
1483.14,4
1484.14,3
1485.14,4
1486.14,4
1487.14,1
1488.14,1
1489.14,2
1490.14,1
1491.14,2
1492.14,1
1493.14,5
1494.14,2
1495.13,0
1496.13,2
1497.13,1
1498.13,4
1499.13,3
1500.13,1
1501.13,1
1502.13,0
1503.13,4
1504.13,1
1505.13,2
1506.13,4
1507.13,5
1508.13,4
1509.13,1
1510.13,5
1511.13,2
1512.13,5
1513.13,3
1514.13,2
1515.13,2
1516.13,3
1517.13,2
1518.13,3
1519.13,2
1520.13,0
1521.13,5
1522.13,2
1523.13,1
1524.13,5
1525.13,3
1526.13,5
1527.13,2
1528.13,0
1529.13,1
1530.13,2
1531.13,4
1532.13,1
1533.13,1
1534.13,1
1535.13,2
1536.12,1
1537.12,0
1538.12,2
1539.12,2
1540.12,4
1541.12,3
1542.12,2
1543.12,0
1544.12,5
1545.12,2
1546.12,3
1547.12,1
1548.12,1
1549.12,2
1550.12,3
1551.12,3
1552.12,4
1553.12,5
1554.12,4
1555.12,2
1556.12,3
1557.12,2
1558.12,1
1559.12,2
1560.12,2
1561.12,3
1562.12,3
1563.12,1
1564.12,1
1565.12,1
1566.12,6
1567.12,2
1568.12,2
1569.12,1
1570.12,2
1571.12,2
1572.12,3
1573.12,4
1574.12,2
1575.12,1
1576.12,1
1577.11,2
1578.11,2
1579.11,2
1580.11,5
1581.11,2
1582.11,2
1583.11,4
1584.11,0
1585.11,0
1586.11,0
1587.11,1
1588.11,1
1589.11,4
1590.11,3
1591.11,3
1592.11,2
1593.11,3
1594.11,2
1595.11,3
1596.11,1
1597.11,4
1598.11,4
1599.11,4
1600.11,3
1601.11,0
1602.11,1
1603.11,1
1604.11,1
1605.11,6
1606.11,0
1607.11,3
1608.11,0
1609.11,1
1610.11,1
1611.11,2
1612.11,1
1613.11,2
1614.11,4
1615.11,3
1616.11,1
1617.11,2
1618.1,3
1619.1,3
1620.1,5
1621.1,6
1622.1,0
1623.1,1
1624.1,5
1625.1,3
1626.1,2
1627.1,4
1628.1,1
1629.1,0
1630.1,4
1631.1,1
1632.1,3
1633.1,1
1634.1,1
1635.1,5
1636.1,5
1637.1,4
1638.1,3
1639.1,3
1640.1,1
1641.1,3
1642.1,1
1643.1,1
1644.1,2
1645.1,3
1646.1,1
1647.1,2
1648.1,2
1649.1,1
1650.1,0
1651.1,1
1652.1,2
1653.1,3
1654.1,1
1655.1,1
1656.1,4
1657.1,3
1658.1,4
1659.09,0
1660.09,2
1661.09,3
1662.09,1
1663.09,2
1664.09,1
1665.09,3
1666.09,5
1667.09,1
1668.09,2
1669.09,1
1670.09,1
1671.09,1
1672.09,0
1673.09,2
1674.09,3
1675.09,1
1676.09,0
1677.09,3
1678.09,2
1679.09,1
1680.09,4
1681.09,3
1682.09,2
1683.09,2
1684.09,0
1685.09,1
1686.09,3
1687.09,4
1688.09,2
1689.09,5
1690.09,5
1691.09,4
1692.09,3
1693.09,4
1694.09,0
1695.09,2
1696.09,6
1697.09,4
1698.09,4
1699.09,4
1700.08,2
1701.08,3
1702.08,2
1703.08,5
1704.08,2
1705.08,1
1706.08,3
1707.08,2
1708.08,3
1709.08,3
1710.08,2
1711.08,7
1712.08,3
1713.08,2
1714.08,5
1715.08,3
1716.08,3
1717.08,0
1718.08,1
1719.08,3
1720.08,2
1721.08,2
1722.08,2
1723.08,5
1724.08,2
1725.08,7
1726.08,0
1727.08,6
1728.08,6
1729.08,5
1730.08,7
1731.08,3
1732.08,2
1733.08,4
1734.08,6
1735.08,6
1736.08,6
1737.08,1
1738.08,6
1739.08,6
1740.08,6
1741.07,3
1742.07,4
1743.07,12
1744.07,5
1745.07,6
1746.07,4
1747.07,3
1748.07,5
1749.07,2
1750.07,7
1751.07,1
1752.07,6
1753.07,11
1754.07,7
1755.07,3
1756.07,5
1757.07,6
1758.07,8
1759.07,6
1760.07,5
1761.07,9
1762.07,8
1763.07,8
1764.07,6
1765.07,9
1766.07,6
1767.07,12
1768.07,9
1769.07,7
1770.07,7
1771.07,10
1772.07,7
1773.07,10
1774.07,8
1775.07,8
1776.07,4
1777.07,7
1778.07,6
1779.07,10
1780.07,8
1781.07,10
1782.06,10
1783.06,4
1784.06,9
1785.06,7
1786.06,7
1787.06,7
1788.06,6
1789.06,9
1790.06,12
1791.06,4
1792.06,7
1793.06,7
1794.06,6
1795.06,7
1796.06,9
1797.06,6
1798.06,8
1799.06,7
1800.06,7
1801.06,11
1802.06,2
1803.06,9
1804.06,11
1805.06,5
1806.06,2
1807.06,10
1808.06,8
1809.06,8
1810.06,5
1811.06,7
1812.06,7
1813.06,2
1814.06,3
1815.06,5
1816.06,5
1817.06,8
1818.06,4
1819.06,9
1820.06,5
1821.06,7
1822.06,5
1823.05,5
1824.05,6
1825.05,4
1826.05,2
1827.05,2
1828.05,8
1829.05,2
1830.05,7
1831.05,2
1832.05,1
1833.05,5
1834.05,6
1835.05,2
1836.05,1
1837.05,1
1838.05,3
1839.05,2
1840.05,0
1841.05,0
1842.05,0
1843.05,2
1844.05,0
1845.05,0
1846.05,0
1847.05,0
1848.05,0
1849.05,1
1850.05,1
1851.05,0
1852.05,0
1853.05,1
1854.05,1
1855.05,0
1856.05,0
1857.05,1
1858.05,0
1859.05,0
1860.05,2
1861.05,0
1862.05,0
1863.05,0
1864.04,0
1865.04,0
1866.04,3
1867.04,1
1868.04,2
1869.04,2
1870.04,1
1871.04,0
1872.04,0
1873.04,1
1874.04,0
1875.04,1
1876.04,1
1877.04,2
1878.04,0
1879.04,0
1880.04,0
1881.04,1
1882.04,0
1883.04,1
1884.04,0
1885.04,1
1886.04,0
1887.04,0
1888.04,1
1889.04,1
1890.04,1
1891.04,0
1892.04,0
1893.04,1
1894.04,0
1895.04,0
1896.04,0
1897.04,0
1898.04,0
1899.04,0
1900.04,1
1901.04,0
1902.04,0
1903.04,1
1904.04,0
1905.03,0
1906.03,1
1907.03,2
1908.03,1
1909.03,0
1910.03,0
1911.03,1
1912.03,0
1913.03,1
1914.03,1
1915.03,0
1916.03,0
1917.03,1
1918.03,1
1919.03,2
1920.03,0
1921.03,1
1922.03,1
1923.03,0
1924.03,4
1925.03,0
1926.03,0
1927.03,1
1928.03,0
1929.03,1
1930.03,0
1931.03,1
1932.03,0
1933.03,2
1934.03,0
1935.03,0
1936.03,1
1937.03,0
1938.03,0
1939.03,0
1940.03,0
1941.03,0
1942.03,3
1943.03,1
1944.03,0
1945.03,0
1946.02,0
1947.02,1
1948.02,0
1949.02,0
1950.02,1
1951.02,0
1952.02,2
1953.02,0
1954.02,1
1955.02,0
1956.02,0
1957.02,2
1958.02,3
1959.02,2
1960.02,0
1961.02,0
1962.02,0
1963.02,0
1964.02,1
1965.02,0
1966.02,0
1967.02,0
1968.02,0
1969.02,0
1970.02,0
1971.02,0
1972.02,1
1973.02,0
1974.02,0
1975.02,0
1976.02,0
1977.02,1
1978.02,0
1979.02,0
1980.02,0
1981.02,0
1982.02,0
1983.02,1
1984.02,2
1985.02,1
1986.02,1
1987.01,1
1988.01,2
1989.01,0
1990.01,0
1991.01,1
1992.01,1
1993.01,0
1994.01,2
1995.01,0
1996.01,1
1997.01,0
1998.01,1
1999.01,0
2000.01,0
2001.01,1
2002.01,0
2003.01,2
2004.01,2
2005.01,2
2006.01,2
2007.01,0
2008.01,1
2009.01,0
2010.01,1
2011.01,0
2012.01,1
2013.01,0
2014.01,0
2015.01,0
2016.01,0
2017.01,0
2018.01,0
2019.01,1
2020.01,0
2021.01,2
2022.01,0
2023.01,0
2024.01,0
2025.01,1
2026.01,1
2027.01,1
2028,0
2029,0
2030,0
2031,1
2032,1
2033,0
2034,0
2035,0
2036,1
2037,0
2038,1
2039,1
2040,3
2041,1
2042,0
2043,0
2044,1
2045,0
2046,1
2047,0
2048,0
2049,0
2050,0
2051,0
2052,2
2053,0
2054,1
2055,0
2056,0
2057,0
2058,0
2059,0
2060,1
2061,1
2062,0
2063,1
2064,1
2065,0
2066,2
2067,1
2068,2
2068.99,0
2069.99,3
2070.99,0
2071.99,0
2072.99,0
2073.99,0
2074.99,2
2075.99,0
2076.99,0
2077.99,0
2078.99,0
2079.99,0
2080.99,0
2081.99,0
2082.99,2
2083.99,1
2084.99,3
2085.99,1
2086.99,0
2087.99,0
2088.99,0
2089.99,1
2090.99,1
2091.99,0
2092.99,1
2093.99,1
2094.99,0
2095.99,0
2096.99,0
2097.99,0
2098.99,2
2099.99,0
2100.99,2
2101.99,0
2102.99,1
2103.99,1
2104.99,2
2105.99,0
2106.99,1
2107.99,0
2108.99,0
2109.98,0
2110.98,1
2111.98,1
2112.98,0
2113.98,0
2114.98,1
2115.98,0
2116.98,2
2117.98,1
2118.98,0
2119.98,0
2120.98,0
2121.98,1
2122.98,0
2123.98,0
2124.98,0
2125.98,0
2126.98,0
2127.98,0
2128.98,0
2129.98,1
2130.98,1
2131.98,1
2132.98,0
2133.98,1
2134.98,0
2135.98,1
2136.98,1
2137.98,0
2138.98,0
2139.98,1
2140.98,0
2141.98,2
2142.98,0
2143.98,1
2144.98,0
2145.98,1
2146.98,1
2147.98,1
2148.98,1
2149.98,0
2150.97,1
2151.97,0
2152.97,0
2153.97,4
2154.97,1
2155.97,0
2156.97,1
2157.97,0
2158.97,1
2159.97,2
2160.97,0
2161.97,0
2162.97,2
2163.97,0
2164.97,0
2165.97,0
2166.97,0
2167.97,1
2168.97,0
2169.97,0
2170.97,0
2171.97,0
2172.97,2
2173.97,2
2174.97,1
2175.97,1
2176.97,1
2177.97,0
2178.97,0
2179.97,0
2180.97,1
2181.97,1
2182.97,0
2183.97,2
2184.97,0
2185.97,0
2186.97,0
2187.97,3
2188.97,0
2189.97,0
2190.97,1
2191.96,1
2192.96,0
2193.96,0
2194.96,0
2195.96,0
2196.96,0
2197.96,1
2198.96,0
2199.96,0
2200.96,0
2201.96,2
2202.96,0
2203.96,1
2204.96,0
2205.96,0
2206.96,1
2207.96,0
2208.96,0
2209.96,0
2210.96,2
2211.96,1
2212.96,0
2213.96,0
2214.96,0
2215.96,0
2216.96,1
2217.96,0
2218.96,0
2219.96,1
2220.96,0
2221.96,1
2222.96,1
2223.96,1
2224.96,1
2225.96,1
2226.96,0
2227.96,0
2228.96,0
2229.96,0
2230.96,0
2231.96,0
2232.95,0
2233.95,0
2234.95,1
2235.95,0
2236.95,1
2237.95,0
2238.95,1
2239.95,1
2240.95,0
2241.95,0
2242.95,0
2243.95,1
2244.95,0
2245.95,1
2246.95,0
2247.95,1
2248.95,1
2249.95,0
2250.95,0
2251.95,1
2252.95,2
2253.95,0
2254.95,1
2255.95,0
2256.95,1
2257.95,0
2258.95,1
2259.95,0
2260.95,0
2261.95,0
2262.95,0
2263.95,0
2264.95,0
2265.95,1
2266.95,0
2267.95,2
2268.95,0
2269.95,0
2270.95,1
2271.95,0
2272.95,0
2273.94,0
2274.94,0
2275.94,1
2276.94,0
2277.94,0
2278.94,0
2279.94,2
2280.94,2
2281.94,1
2282.94,0
2283.94,1
2284.94,1
2285.94,0
2286.94,0
2287.94,0
2288.94,0
2289.94,1
2290.94,1
2291.94,0
2292.94,0
2293.94,0
2294.94,0
2295.94,0
2296.94,1
2297.94,1
2298.94,2
2299.94,0
2300.94,1
2301.94,0
2302.94,0
2303.94,1
2304.94,0
2305.94,0
2306.94,0
2307.94,0
2308.94,1
2309.94,0
2310.94,1
2311.94,1
2312.94,0
2313.94,0
2314.93,0
2315.93,1
2316.93,0
2317.93,2
2318.93,0
2319.93,0
2320.93,0
2321.93,0
2322.93,0
2323.93,0
2324.93,1
2325.93,1
2326.93,0
2327.93,1
2328.93,1
2329.93,1
2330.93,0
2331.93,0
2332.93,4
2333.93,1
2334.93,1
2335.93,0
2336.93,1
2337.93,2
2338.93,1
2339.93,0
2340.93,0
2341.93,0
2342.93,0
2343.93,0
2344.93,1
2345.93,1
2346.93,2
2347.93,0
2348.93,1
2349.93,1
2350.93,2
2351.93,0
2352.93,0
2353.93,0
2354.93,0
2355.92,0
2356.92,1
2357.92,0
2358.92,1
2359.92,0
2360.92,2
2361.92,0
2362.92,1
2363.92,0
2364.92,0
2365.92,2
2366.92,2
2367.92,0
2368.92,0
2369.92,0
2370.92,1
2371.92,1
2372.92,0
2373.92,2
2374.92,2
2375.92,0
2376.92,1
2377.92,4
2378.92,1
2379.92,1
2380.92,1
2381.92,2
2382.92,0
2383.92,0
2384.92,0
2385.92,0
2386.92,1
2387.92,1
2388.92,6
2389.92,1
2390.92,1
2391.92,2
2392.92,1
2393.92,0
2394.92,1
2395.92,0
2396.91,0
2397.91,0
2398.91,1
2399.91,0
2400.91,2
2401.91,1
2402.91,0
2403.91,1
2404.91,0
2405.91,0
2406.91,1
2407.91,0
2408.91,1
2409.91,0
2410.91,0
2411.91,0
2412.91,0
2413.91,2
2414.91,1
2415.91,0
2416.91,1
2417.91,1
2418.91,1
2419.91,2
2420.91,0
2421.91,1
2422.91,0
2423.91,3
2424.91,0
2425.91,2
2426.91,2
2427.91,1
2428.91,0
2429.91,2
2430.91,3
2431.91,2
2432.91,0
2433.91,1
2434.91,0
2435.91,0
2436.91,0
2437.9,1
2438.9,1
2439.9,1
2440.9,2
2441.9,1
2442.9,0
2443.9,0
2444.9,0
2445.9,1
2446.9,1
2447.9,1
2448.9,1
2449.9,0
2450.9,0
2451.9,0
2452.9,1
2453.9,1
2454.9,2
2455.9,0
2456.9,1
2457.9,1
2458.9,0
2459.9,0
2460.9,0
2461.9,1
2462.9,2
2463.9,0
2464.9,0
2465.9,0
2466.9,0
2467.9,1
2468.9,0
2469.9,0
2470.9,0
2471.9,1
2472.9,1
2473.9,0
2474.9,1
2475.9,2
2476.9,1
2477.9,0
2478.89,2
2479.89,1
2480.89,1
2481.89,1
2482.89,0
2483.89,1
2484.89,1
2485.89,0
2486.89,1
2487.89,3
2488.89,0
2489.89,1
2490.89,1
2491.89,3
2492.89,1
2493.89,0
2494.89,2
2495.89,0
2496.89,0
2497.89,1
2498.89,0
2499.89,0
2500.89,0
2501.89,1
2502.89,1
2503.89,1
2504.89,0
2505.89,3
2506.89,2
2507.89,1
2508.89,1
2509.89,2
2510.89,1
2511.89,0
2512.89,0
2513.89,3
2514.89,0
2515.89,2
2516.89,1
2517.89,1
2518.89,0
2519.88,2
2520.88,1
2521.88,0
2522.88,0
2523.88,1
2524.88,1
2525.88,0
2526.88,0
2527.88,2
2528.88,1
2529.88,0
2530.88,0
2531.88,0
2532.88,0
2533.88,0
2534.88,0
2535.88,2
2536.88,1
2537.88,0
2538.88,1
2539.88,0
2540.88,1
2541.88,0
2542.88,0
2543.88,0
2544.88,0
2545.88,1
2546.88,1
2547.88,1
2548.88,3
2549.88,2
2550.88,2
2551.88,1
2552.88,0
2553.88,1
2554.88,0
2555.88,0
2556.88,1
2557.88,0
2558.88,2
2559.88,0
2560.87,1
2561.87,3
2562.87,2
2563.87,0
2564.87,0
2565.87,0
2566.87,1
2567.87,1
2568.87,3
2569.87,1
2570.87,3
2571.87,1
2572.87,0
2573.87,1
2574.87,0
2575.87,0
2576.87,0
2577.87,1
2578.87,0
2579.87,3
2580.87,2
2581.87,1
2582.87,1
2583.87,1
2584.87,3
2585.87,0
2586.87,0
2587.87,0
2588.87,0
2589.87,3
2590.87,1
2591.87,2
2592.87,1
2593.87,0
2594.87,1
2595.87,2
2596.87,2
2597.87,1
2598.87,2
2599.87,2
2600.87,0
2601.86,2
2602.86,1
2603.86,1
2604.86,2
2605.86,0
2606.86,2
2607.86,1
2608.86,1
2609.86,1
2610.86,5
2611.86,2
2612.86,2
2613.86,2
2614.86,0
2615.86,0
2616.86,0
2617.86,0
2618.86,2
2619.86,0
2620.86,0
2621.86,1
2622.86,1
2623.86,2
2624.86,0
2625.86,1
2626.86,1
2627.86,1
2628.86,0
2629.86,1
2630.86,3
2631.86,1
2632.86,0
2633.86,1
2634.86,0
2635.86,0
2636.86,2
2637.86,0
2638.86,0
2639.86,1
2640.86,3
2641.86,0
2642.85,3
2643.85,0
2644.85,0
2645.85,3
2646.85,1
2647.85,0
2648.85,1
2649.85,1
2650.85,1
2651.85,0
2652.85,0
2653.85,1
2654.85,0
2655.85,0
2656.85,1
2657.85,0
2658.85,0
2659.85,0
2660.85,1
2661.85,0
2662.85,1
2663.85,0
2664.85,0
2665.85,2
2666.85,0
2667.85,0
2668.85,1
2669.85,2
2670.85,0
2671.85,1
2672.85,0
2673.85,1
2674.85,3
2675.85,3
2676.85,2
2677.85,4
2678.85,0
2679.85,1
2680.85,1
2681.85,0
2682.85,0
2683.84,0
2684.84,0
2685.84,0
2686.84,1
2687.84,0
2688.84,0
2689.84,1
2690.84,0
2691.84,2
2692.84,2
2693.84,0
2694.84,0
2695.84,2
2696.84,0
2697.84,0
2698.84,2
2699.84,0
2700.84,0
2701.84,2
2702.84,2
2703.84,2
2704.84,2
2705.84,1
2706.84,0
2707.84,0
2708.84,2
2709.84,2
2710.84,1
2711.84,1
2712.84,0
2713.84,3
2714.84,0
2715.84,2
2716.84,0
2717.84,0
2718.84,2
2719.84,1
2720.84,2
2721.84,1
2722.84,0
2723.84,2
2724.83,1
2725.83,1
2726.83,1
2727.83,0
2728.83,0
2729.83,2
2730.83,0
2731.83,1
2732.83,1
2733.83,0
2734.83,3
2735.83,0
2736.83,4
2737.83,2
2738.83,0
2739.83,0
2740.83,0
2741.83,1
2742.83,0
2743.83,1
2744.83,2
2745.83,0
2746.83,1
2747.83,0
2748.83,1
2749.83,2
2750.83,2
2751.83,1
2752.83,1
2753.83,0
2754.83,1
2755.83,2
2756.83,0
2757.83,0
2758.83,2
2759.83,1
2760.83,2
2761.83,0
2762.83,0
2763.83,0
2764.82,0
2765.82,0
2766.82,0
2767.82,0
2768.82,1
2769.82,0
2770.82,2
2771.82,0
2772.82,1
2773.82,0
2774.82,1
2775.82,0
2776.82,1
2777.82,3
2778.82,1
2779.82,1
2780.82,1
2781.82,0
2782.82,0
2783.82,0
2784.82,0
2785.82,2
2786.82,1
2787.82,1
2788.82,1
2789.82,0
2790.82,0
2791.82,0
2792.82,1
2793.82,0
2794.82,2
2795.82,1
2796.82,0
2797.82,0
2798.82,0
2799.82,1
2800.82,1
2801.82,2
2802.82,0
2803.82,0
2804.82,0
2805.81,3
2806.81,4
2807.81,1
2808.81,2
2809.81,1
2810.81,0
2811.81,1
2812.81,2
2813.81,0
2814.81,5
2815.81,2
2816.81,2
2817.81,1
2818.81,1
2819.81,1
2820.81,0
2821.81,2
2822.81,0
2823.81,2
2824.81,1
2825.81,0
2826.81,2
2827.81,1
2828.81,0
2829.81,0
2830.81,0
2831.81,0
2832.81,2
2833.81,1
2834.81,1
2835.81,2
2836.81,0
2837.81,1
2838.81,2
2839.81,0
2840.81,1
2841.81,1
2842.81,1
2843.81,2
2844.81,0
2845.81,1
2846.8,2
2847.8,3
2848.8,1
2849.8,2
2850.8,1
2851.8,1
2852.8,3
2853.8,1
2854.8,2
2855.8,0
2856.8,2
2857.8,0
2858.8,2
2859.8,1
2860.8,1
2861.8,1
2862.8,2
2863.8,2
2864.8,0
2865.8,0
2866.8,1
2867.8,1
2868.8,3
2869.8,0
2870.8,2
2871.8,1
2872.8,3
2873.8,1
2874.8,0
2875.8,1
2876.8,3
2877.8,1
2878.8,1
2879.8,2
2880.8,2
2881.8,3
2882.8,0
2883.8,1
2884.8,0
2885.8,0
2886.8,1
2887.79,0
2888.79,0
2889.79,0
2890.79,1
2891.79,0
2892.79,0
2893.79,0
2894.79,1
2895.79,0
2896.79,0
2897.79,0
2898.79,4
2899.79,0
2900.79,0
2901.79,2
2902.79,2
2903.79,1
2904.79,2
2905.79,0
2906.79,0
2907.79,3
2908.79,0
2909.79,2
2910.79,1
2911.79,3
2912.79,2
2913.79,0
2914.79,1
2915.79,1
2916.79,3
2917.79,1
2918.79,1
2919.79,2
2920.79,1
2921.79,0
2922.79,5
2923.79,2
2924.79,1
2925.79,0
2926.79,1
2927.79,5
2928.78,2
2929.78,2
2930.78,1
2931.78,2
2932.78,2
2933.78,1
2934.78,1
2935.78,3
2936.78,0
2937.78,2
2938.78,1
2939.78,1
2940.78,0
2941.78,0
2942.78,1
2943.78,1
2944.78,0
2945.78,3
2946.78,0
2947.78,2
2948.78,1
2949.78,2
2950.78,2
2951.78,1
2952.78,0
2953.78,1
2954.78,0
2955.78,1
2956.78,4
2957.78,3
2958.78,2
2959.78,1
2960.78,0
2961.78,2
2962.78,0
2963.78,3
2964.78,1
2965.78,2
2966.78,1
2967.78,0
2968.78,4
2969.77,2
2970.77,1
2971.77,1
2972.77,5
2973.77,2
2974.77,4
2975.77,1
2976.77,0
2977.77,2
2978.77,0
2979.77,1
2980.77,3
2981.77,0
2982.77,2
2983.77,1
2984.77,0
2985.77,2
2986.77,0
2987.77,3
2988.77,1
2989.77,3
2990.77,0
2991.77,0
2992.77,1
2993.77,0
2994.77,0
2995.77,0
2996.77,1
2997.77,1
2998.77,3
2999.77,1
3000.77,0
3001.77,1
3002.77,1
3003.77,0
3004.77,1
3005.77,0
3006.77,1
3007.77,0
3008.77,1
3009.77,0
3010.76,0
3011.76,1
3012.76,1
3013.76,1
3014.76,2
3015.76,2
3016.76,1
3017.76,1
3018.76,1
3019.76,1
3020.76,1
3021.76,1
3022.76,3
3023.76,0
3024.76,1
3025.76,2
3026.76,1
3027.76,3
3028.76,1
3029.76,0
3030.76,0
3031.76,1
3032.76,0
3033.76,1
3034.76,1
3035.76,0
3036.76,0
3037.76,2
3038.76,1
3039.76,0
3040.76,1
3041.76,0
3042.76,0
3043.76,3
3044.76,2
3045.76,2
3046.76,5
3047.76,4
3048.76,1
3049.76,0
3050.76,2
3051.75,1
3052.75,3
3053.75,2
3054.75,1
3055.75,0
3056.75,3
3057.75,2
3058.75,2
3059.75,0
3060.75,3
3061.75,2
3062.75,0
3063.75,2
3064.75,1
3065.75,3
3066.75,2
3067.75,2
3068.75,4
3069.75,2
3070.75,0
3071.75,2
3072.75,2
3073.75,2
3074.75,2
3075.75,1
3076.75,2
3077.75,2
3078.75,1
3079.75,2
3080.75,3
3081.75,1
3082.75,1
3083.75,0
3084.75,1
3085.75,0
3086.75,2
3087.75,0
3088.75,0
3089.75,6
3090.75,1
3091.75,1
3092.74,2
3093.74,2
3094.74,3
3095.74,2
3096.74,1
3097.74,3
3098.74,3
3099.74,1
3100.74,0
3101.74,2
3102.74,4
3103.74,1
3104.74,2
3105.74,1
3106.74,1
3107.74,4
3108.74,2
3109.74,2
3110.74,5
3111.74,2
3112.74,3
3113.74,2
3114.74,1
3115.74,3
3116.74,2
3117.74,2
3118.74,2
3119.74,0
3120.74,2
3121.74,4
3122.74,2
3123.74,3
3124.74,3
3125.74,3
3126.74,3
3127.74,1
3128.74,2
3129.74,3
3130.74,1
3131.74,3
3132.74,4
3133.73,3
3134.73,0
3135.73,3
3136.73,1
3137.73,3
3138.73,0
3139.73,5
3140.73,2
3141.73,2
3142.73,0
3143.73,5
3144.73,0
3145.73,3
3146.73,2
3147.73,0
3148.73,1
3149.73,5
3150.73,3
3151.73,3
3152.73,6
3153.73,2
3154.73,2
3155.73,4
3156.73,0
3157.73,3
3158.73,2
3159.73,8
3160.73,3
3161.73,5
3162.73,7
3163.73,6
3164.73,3
3165.73,1
3166.73,3
3167.73,5
3168.73,6
3169.73,4
3170.73,5
3171.73,3
3172.73,6
3173.73,1
3174.72,4
3175.72,4
3176.72,2
3177.72,4
3178.72,3
3179.72,5
3180.72,0
3181.72,1
3182.72,0
3183.72,5
3184.72,5
3185.72,3
3186.72,5
3187.72,2
3188.72,5
3189.72,3
3190.72,9
3191.72,5
3192.72,4
3193.72,4
3194.72,8
3195.72,3
3196.72,3
3197.72,2
3198.72,4
3199.72,2
3200.72,4
3201.72,3
3202.72,2
3203.72,3
3204.72,4
3205.72,3
3206.72,3
3207.72,3
3208.72,4
3209.72,4
3210.72,4
3211.72,1
3212.72,2
3213.72,4
3214.72,1
3215.71,3
3216.71,3
3217.71,3
3218.71,4
3219.71,2
3220.71,0
3221.71,8
3222.71,1
3223.71,2
3224.71,3
3225.71,1
3226.71,2
3227.71,4
3228.71,2
3229.71,1
3230.71,1
3231.71,3
3232.71,2
3233.71,1
3234.71,0
3235.71,0
3236.71,0
3237.71,1
3238.71,0
3239.71,1
3240.71,0
3241.71,0
3242.71,1
3243.71,0
3244.71,0
3245.71,0
3246.71,0
3247.71,0
3248.71,0
3249.71,0
3250.71,0
3251.71,0
3252.71,0
3253.71,1
3254.71,0
3255.71,0
3256.7,0
3257.7,0
3258.7,0
3259.7,0
3260.7,0
3261.7,0
3262.7,0
3263.7,0
3264.7,0
3265.7,0
3266.7,0
3267.7,0
3268.7,0
3269.7,0
3270.7,0
3271.7,0
3272.7,0
3273.7,0
3274.7,0
3275.7,0
3276.7,0
3277.7,1
3278.7,0
3279.7,0
3280.7,0
3281.7,0
3282.7,0
3283.7,0
3284.7,0
3285.7,0
3286.7,0
3287.7,0
3288.7,0
3289.7,0
3290.7,1
3291.7,0
3292.7,0
3293.7,0
3294.7,1
3295.7,0
3296.7,0
3297.69,0
3298.69,0
3299.69,0
3300.69,0
3301.69,0
3302.69,0
3303.69,0
3304.69,0
3305.69,0
3306.69,0
3307.69,0
3308.69,0
3309.69,0
3310.69,0
3311.69,0
3312.69,0
3313.69,0
3314.69,0
3315.69,0
3316.69,0
3317.69,0
3318.69,0
3319.69,0
3320.69,0
3321.69,0
3322.69,0
3323.69,0
3324.69,0
3325.69,0
3326.69,0
3327.69,0
3328.69,0
3329.69,0
3330.69,0
3331.69,0
3332.69,0
3333.69,0
3334.69,0
3335.69,0
3336.69,0
3337.69,0
3338.68,0
3339.68,0
3340.68,0
3341.68,0
3342.68,0
3343.68,0
3344.68,0
3345.68,0
3346.68,0
3347.68,0
3348.68,0
3349.68,0
3350.68,0
3351.68,0
3352.68,0
3353.68,1
3354.68,0
3355.68,0
3356.68,1
3357.68,0
3358.68,0
3359.68,0
3360.68,0
3361.68,0
3362.68,0
3363.68,0
3364.68,0
3365.68,0
3366.68,0
3367.68,0
3368.68,0
3369.68,0
3370.68,0
3371.68,0
3372.68,0
3373.68,0
3374.68,1
3375.68,0
3376.68,0
3377.68,0
3378.68,0
3379.67,0
3380.67,1
3381.67,0
3382.67,0
3383.67,0
3384.67,0
3385.67,0
3386.67,0
3387.67,0
3388.67,0
3389.67,0
3390.67,0
3391.67,0
3392.67,0
3393.67,0
3394.67,0
3395.67,0
3396.67,0
3397.67,0
3398.67,0
3399.67,0
3400.67,0
3401.67,0
3402.67,0
3403.67,0
3404.67,0
3405.67,1
3406.67,0
3407.67,0
3408.67,0
3409.67,0
3410.67,0
3411.67,0
3412.67,0
3413.67,0
3414.67,0
3415.67,1
3416.67,0
3417.67,0
3418.67,0
3419.67,0
3420.66,0
3421.66,1
3422.66,0
3423.66,0
3424.66,0
3425.66,0
3426.66,0
3427.66,0
3428.66,0
3429.66,0
3430.66,0
3431.66,0
3432.66,0
3433.66,0
3434.66,0
3435.66,0
3436.66,0
3437.66,0
3438.66,0
3439.66,0
3440.66,0
3441.66,0
3442.66,0
3443.66,0
3444.66,0
3445.66,0
3446.66,0
3447.66,0
3448.66,0
3449.66,0
3450.66,0
3451.66,0
3452.66,0
3453.66,0
3454.66,0
3455.66,0
3456.66,0
3457.66,0
3458.66,0
3459.66,0
3460.66,0
3461.65,0
3462.65,0
3463.65,0
3464.65,0
3465.65,0
3466.65,0
3467.65,1
3468.65,0
3469.65,0
3470.65,0
3471.65,0
3472.65,0
3473.65,0
3474.65,0
3475.65,0
3476.65,0
3477.65,0
3478.65,0
3479.65,0
3480.65,0
3481.65,0
3482.65,0
3483.65,0
3484.65,0
3485.65,0
3486.65,0
3487.65,0
3488.65,0
3489.65,0
3490.65,0
3491.65,0
3492.65,0
3493.65,0
3494.65,0
3495.65,0
3496.65,0
3497.65,0
3498.65,0
3499.65,0
3500.65,0
3501.65,0
3502.64,0
3503.64,0
3504.64,0
3505.64,0
3506.64,0
3507.64,0
3508.64,0
3509.64,0
3510.64,0
3511.64,1
3512.64,0
3513.64,0
3514.64,0
3515.64,0
3516.64,0
3517.64,0
3518.64,0
3519.64,0
3520.64,0
3521.64,0
3522.64,1
3523.64,0
3524.64,0
3525.64,0
3526.64,0
3527.64,0
3528.64,0
3529.64,0
3530.64,0
3531.64,0
3532.64,0
3533.64,0
3534.64,0
3535.64,0
3536.64,0
3537.64,0
3538.64,0
3539.64,0
3540.64,0
3541.64,0
3542.64,0
3543.63,0
3544.63,0
3545.63,0
3546.63,0
3547.63,0
3548.63,0
3549.63,0
3550.63,0
3551.63,0
3552.63,0
3553.63,0
3554.63,0
3555.63,0
3556.63,0
3557.63,1
3558.63,0
3559.63,0
3560.63,0
3561.63,0
3562.63,0
3563.63,0
3564.63,0
3565.63,2
3566.63,0
3567.63,0
3568.63,0
3569.63,0
3570.63,1
3571.63,0
3572.63,0
3573.63,0
3574.63,0
3575.63,0
3576.63,0
3577.63,1
3578.63,0
3579.63,0
3580.63,0
3581.63,0
3582.63,0
3583.63,0
3584.62,0
3585.62,0
3586.62,1
3587.62,0
3588.62,0
3589.62,0
3590.62,0
3591.62,0
3592.62,0
3593.62,0
3594.62,0
3595.62,0
3596.62,0
3597.62,0
3598.62,0
3599.62,0
3600.62,0
3601.62,0
3602.62,0
3603.62,0
3604.62,0
3605.62,0
3606.62,0
3607.62,0
3608.62,0
3609.62,0
3610.62,0
3611.62,0
3612.62,0
3613.62,0
3614.62,0
3615.62,0
3616.62,0
3617.62,0
3618.62,0
3619.62,0
3620.62,0
3621.62,0
3622.62,0
3623.62,0
3624.62,0
3625.61,0
3626.61,0
3627.61,0
3628.61,1
3629.61,0
3630.61,0
3631.61,0
3632.61,1
3633.61,0
3634.61,0
3635.61,0
3636.61,0
3637.61,0
3638.61,0
3639.61,0
3640.61,0
3641.61,0
3642.61,0
3643.61,0
3644.61,0
3645.61,0
3646.61,0
3647.61,0
3648.61,0
3649.61,0
3650.61,0
3651.61,0
3652.61,0
3653.61,0
3654.61,0
3655.61,0
3656.61,0
3657.61,0
3658.61,0
3659.61,0
3660.61,1
3661.61,0
3662.61,1
3663.61,0
3664.61,0
3665.61,1
3666.6,0
3667.6,0
3668.6,0
3669.6,0
3670.6,0
3671.6,0
3672.6,0
3673.6,1
3674.6,0
3675.6,0
3676.6,0
3677.6,0
3678.6,0
3679.6,0
3680.6,0
3681.6,0
3682.6,1
3683.6,0
3684.6,1
3685.6,0
3686.6,0
3687.6,0
3688.6,0
3689.6,0
3690.6,0
3691.6,0
3692.6,0
3693.6,0
3694.6,0
3695.6,0
3696.6,0
3697.6,0
3698.6,0
3699.6,0
3700.6,0
3701.6,0
3702.6,0
3703.6,0
3704.6,0
3705.6,0
3706.6,0
3707.59,0
3708.59,0
3709.59,0
3710.59,0
3711.59,0
3712.59,0
3713.59,0
3714.59,0
3715.59,0
3716.59,0
3717.59,0
3718.59,0
3719.59,0
3720.59,0
3721.59,0
3722.59,0
3723.59,0
3724.59,0
3725.59,0
3726.59,0
3727.59,0
3728.59,0
3729.59,0
3730.59,0
3731.59,0
3732.59,0
3733.59,0
3734.59,0
3735.59,0
3736.59,1
3737.59,0
3738.59,0
3739.59,0
3740.59,0
3741.59,0
3742.59,0
3743.59,0
3744.59,0
3745.59,0
3746.59,0
3747.59,0
3748.58,0
3749.58,0
3750.58,0
3751.58,0
3752.58,0
3753.58,0
3754.58,0
3755.58,0
3756.58,0
3757.58,0
3758.58,1
3759.58,0
3760.58,0
3761.58,0
3762.58,0
3763.58,0
3764.58,0
3765.58,0
3766.58,0
3767.58,1
3768.58,0
3769.58,0
3770.58,0
3771.58,0
3772.58,0
3773.58,0
3774.58,1
3775.58,0
3776.58,0
3777.58,1
3778.58,0
3779.58,0
3780.58,0
3781.58,0
3782.58,0
3783.58,0
3784.58,0
3785.58,0
3786.58,0
3787.58,0
3788.58,0
3789.57,0
3790.57,0
3791.57,0
3792.57,0
3793.57,0
3794.57,0
3795.57,0
3796.57,0
3797.57,1
3798.57,0
3799.57,0
3800.57,1
3801.57,0
3802.57,0
3803.57,0
3804.57,0
3805.57,0
3806.57,0
3807.57,1
3808.57,0
3809.57,0
3810.57,0
3811.57,0
3812.57,0
3813.57,0
3814.57,0
3815.57,0
3816.57,0
3817.57,0
3818.57,1
3819.57,1
3820.57,0
3821.57,0
3822.57,0
3823.57,0
3824.57,0
3825.57,0
3826.57,0
3827.57,0
3828.57,0
3829.57,0
3830.56,0
3831.56,0
3832.56,0
3833.56,0
3834.56,0
3835.56,0
3836.56,0
3837.56,0
3838.56,0
3839.56,0
3840.56,0
3841.56,0
3842.56,0
3843.56,0
3844.56,0
3845.56,0
3846.56,0
3847.56,0
3848.56,0
3849.56,0
3850.56,1
3851.56,0
3852.56,0
3853.56,0
3854.56,0
3855.56,0
3856.56,0
3857.56,0
3858.56,0
3859.56,0
3860.56,0
3861.56,0
3862.56,0
3863.56,0
3864.56,0
3865.56,0
3866.56,0
3867.56,0
3868.56,0
3869.56,0
3870.56,0
3871.55,0
3872.55,0
3873.55,0
3874.55,0
3875.55,0
3876.55,0
3877.55,0
3878.55,0
3879.55,0
3880.55,0
3881.55,0
3882.55,0
3883.55,0
3884.55,0
3885.55,0
3886.55,0
3887.55,0
3888.55,0
3889.55,0
3890.55,0
3891.55,0
3892.55,0
3893.55,0
3894.55,0
3895.55,1
3896.55,0
3897.55,0
3898.55,0
3899.55,0
3900.55,0
3901.55,0
3902.55,0
3903.55,1
3904.55,0
3905.55,0
3906.55,0
3907.55,0
3908.55,0
3909.55,0
3910.55,0
3911.55,0
3912.54,0
3913.54,0
3914.54,0
3915.54,0
3916.54,0
3917.54,0
3918.54,0
3919.54,0
3920.54,0
3921.54,0
3922.54,0
3923.54,0
3924.54,0
3925.54,0
3926.54,0
3927.54,0
3928.54,0
3929.54,0
3930.54,0
3931.54,0
3932.54,0
3933.54,0
3934.54,0
3935.54,1
3936.54,0
3937.54,0
3938.54,0
3939.54,0
3940.54,0
3941.54,0
3942.54,0
3943.54,0
3944.54,0
3945.54,0
3946.54,0
3947.54,0
3948.54,0
3949.54,1
3950.54,0
3951.54,0
3952.54,0
3953.53,0
3954.53,0
3955.53,0
3956.53,0
3957.53,0
3958.53,0
3959.53,0
3960.53,0
3961.53,0
3962.53,0
3963.53,0
3964.53,0
3965.53,0
3966.53,0
3967.53,0
3968.53,0
3969.53,0
3970.53,0
3971.53,0
3972.53,0
3973.53,0
3974.53,0
3975.53,0
3976.53,0
3977.53,0
3978.53,1
3979.53,0
3980.53,0
3981.53,0
3982.53,0
3983.53,0
3984.53,0
3985.53,0
3986.53,0
3987.53,0
3988.53,0
3989.53,0
3990.53,0
3991.53,0
3992.53,0
3993.53,0
3994.52,0
3995.52,0
3996.52,0
3997.52,0
3998.52,0
3999.52,1
4000.52,0
4001.52,0
4002.52,0
4003.52,0
4004.52,0
4005.52,0
4006.52,0
4007.52,0
4008.52,0
4009.52,0
4010.52,0
4011.52,0
4012.52,0
4013.52,0
4014.52,0
4015.52,0
4016.52,0
4017.52,0
4018.52,0
4019.52,0
4020.52,0
4021.52,0
4022.52,0
4023.52,0
4024.52,0
4025.52,0
4026.52,0
4027.52,0
4028.52,0
4029.52,0
4030.52,0
4031.52,0
4032.52,0
4033.52,0
4034.52,0
4035.51,0
4036.51,0
4037.51,0
4038.51,0
4039.51,0
4040.51,0
4041.51,0
4042.51,0
4043.51,0
4044.51,0
4045.51,0
4046.51,0
4047.51,0
4048.51,0
4049.51,0
4050.51,0
4051.51,0
4052.51,0
4053.51,0
4054.51,0
4055.51,0
4056.51,0
4057.51,0
4058.51,0
4059.51,0
4060.51,0
4061.51,0
4062.51,0
4063.51,0
4064.51,0
4065.51,0
4066.51,0
4067.51,0
4068.51,0
4069.51,0
4070.51,0
4071.51,0
4072.51,0
4073.51,0
4074.51,0
4075.51,0
4076.5,0
4077.5,0
4078.5,0
4079.5,0
4080.5,0
4081.5,0
4082.5,0
4083.5,0
4084.5,0
4085.5,0
4086.5,0
4087.5,0
4088.5,0
4089.5,0
4090.5,0
4091.5,0
4092.5,0
4093.5,0
4094.5,0
4095.5,0
